--
-- PostgreSQL database dump
--

-- Dumped from database version 12.2
-- Dumped by pg_dump version 12.2

SET statement_timeout = 0;
SET lock_timeout = 0;
SET idle_in_transaction_session_timeout = 0;
SET client_encoding = 'UTF8';
SET standard_conforming_strings = on;
SELECT pg_catalog.set_config('search_path', '', false);
SET check_function_bodies = false;
SET xmloption = content;
SET client_min_messages = warning;
SET row_security = off;

--
-- Data for Name: users; Type: TABLE DATA; Schema: public; Owner: postgres
--

COPY public.users (id, username, saltedpass, user_type, salt) FROM stdin;
1	emcknish0	3e38f390d8e33e62bd0b4f579446a834	Admin	[B@7dc7cbad
2	hfolini1	6d12c74a3f162f088768ddc90358f4f5	Admin	[B@29774679
3	qluckhurst2	16d3b9203ddc57786fb87e00e4c881d4	Seller	[B@3ffc5af1
4	vferrea3	8616162635dfea8da2776f7c8ecb70bf	Seller	[B@5e5792a0
5	tarno4	dd448f08930d820abbbf6b287e6763ff	Client	[B@26653222
6	lillston5	5394df57d273efa3af1d6d24f161170c	Admin	[B@3532ec19
7	jdebrett6	297820bdf6e4e8b044106b98a04e4c06	Seller	[B@68c4039c
8	atomblings7	ddc738f861d033fdc9508652c595956e	Seller	[B@ae45eb6
9	dmurt8	ee0ed11dc6adc7d5a2494e67eefb37f5	Admin	[B@59f99ea
10	sodonovan9	13e5aa8cf7591617ad503733fc0811f3	Admin	[B@27efef64
11	mwastlinga	f1e1b45e74f8aaabf4c8095484689071	Admin	[B@6f7fd0e6
12	lwentb	cd5aecddd45e342978d38ad979543fad	Admin	[B@47c62251
13	gmorrottc	a82f9eef732a7b5b1e7792f1fd82e1c9	Client	[B@3e6fa38a
14	ejeggod	1de7d38188589e80292e828a26717d1c	Client	[B@66a3ffec
15	tinnwoode	719ccbaf78791066938a9c38bec8fe09	Seller	[B@42e26948
16	hcrampsyf	0e11d14826cd37eb5c68f20367000d5c	Admin	[B@53b32d7
17	dhallowayg	a2a81a3d0ee20e501f85f5f7e6c138fa	Admin	[B@f6c48ac
18	galmonh	8a066eb7be3af3877aa94ca3dc42b017	Client	[B@13deb50e
19	kglazei	e4352318cf292fad6b1b17f4012f1dd2	Client	[B@239963d8
20	cgernerj	18464c13680d662bda0e0e30e535c9fc	Admin	[B@3abbfa04
21	kandreuccik	f22a5534fe9cec87be25e046612b6883	Admin	[B@57fffcd7
22	gtinsleyl	4d2349dd3e4bf113adea94f655c6d0d8	Admin	[B@31ef45e3
23	lleakem	e8adc9fb4ce94b82b739d1d272e1b0cc	Admin	[B@598067a5
24	acatleyn	a0db978d5dc485e8eda9d1dab6601eff	Client	[B@3c0ecd4b
25	bkareto	9df0f6f65fee3f0221ca2f6b1e825cd1	Admin	[B@14bf9759
26	hfiermanp	a1f1bf8e8859964c5b5b9214792af2ad	Seller	[B@5f341870
27	cpepiq	1b68b598a2b3b7636d22f24231abe79a	Seller	[B@553f17c
28	rrorker	8e19406dcd0d899ca9008d9d733a3b6c	Admin	[B@4f7d0008
29	jbutlerbowdons	8212095938dd4de7ce1c226940db7b68	Client	[B@271053e1
30	cbanthamt	ae15bd8c129e15071c3ad06daa35273d	Seller	[B@589838eb
31	lcamiliu	0b62a61dc57796059be34663625faca5	Seller	[B@42dafa95
32	hpiwellv	37a87aaac1bb6daab5c4ed48004abda5	Admin	[B@6500df86
33	elyonsw	c2f67f87c9512eba689cd343cec7b12c	Seller	[B@402a079c
34	jrannx	4adb6e870d8e686cde958c0df0057ee1	Admin	[B@59ec2012
35	nbockhy	b72636009ba3aa65fa72fa7b5ca46f20	Client	[B@4cf777e8
36	dquillinanez	1ee34f8caaf40da340ff4e87dc3afbb2	Seller	[B@2f686d1f
37	rclute10	2ef9c6814824fc3dc8290add96cd4c14	Admin	[B@3fee9989
38	gtwomey11	2947e9550dc262f53cfa43cecbce42d6	Admin	[B@73ad2d6
39	ttort12	1facc53189ebd5c47c4eac03de822c41	Client	[B@7085bdee
40	mgreening13	fc8d6536f98a26dc2e46beb05c20f4fb	Seller	[B@1ce92674
41	gcholomin14	8a67aad96bcc5f719e4a3b56150f11ab	Seller	[B@5700d6b1
42	dteggin15	9079a9ecd934b9ab95a46c7faa62963a	Seller	[B@6fd02e5
43	carni16	8508fcfd40e01ce6cbb47e7def3807e9	Admin	[B@5bcab519
44	cdutteridge17	323bd30623ee332af6d652c5f0dacbdc	Seller	[B@e45f292
45	jgoalby18	75331aae0f29797e8b714eb3559f3d92	Seller	[B@5f2108b5
46	kkerss19	dac6c766d7d04c305996e13fae295fdd	Seller	[B@31a5c39e
47	godyvoie1a	39add807728571cb5cbee3ed48a44bc0	Client	[B@3f49dace
48	lkenningham1b	be983f1f46f055adb6db3d500a37119b	Admin	[B@1e397ed7
49	dsergant1c	50136594c4409e4bef9a9eda2ec0076d	Admin	[B@490ab905
50	hfegan1d	751ef60330acc345b828a24da8523634	Client	[B@56ac3a89
51	amerryweather1e	bb14840ea46e743ebb50ee6043f31c98	Seller	[B@27c20538
52	gruddiman1f	c20e063381586d77430ca348a357a59b	Client	[B@72d818d1
53	zmacneachtain1g	68f27105cb582ea1e74ca9757245eb6c	Client	[B@6e06451e
54	dlinnane1h	4243a6e1833cd7e1d678fad0501a5aca	Admin	[B@59494225
55	cgarrish1i	46e76898a3cb951d8a0919453e487387	Admin	[B@6e1567f1
56	ajoules1j	bced5b41b2858f90953244c7b714d884	Seller	[B@5cb9f472
57	ggummory1k	04f5f7d1cb136fbfb6a2a45ce7eb663	Client	[B@cb644e
58	swallman1l	5b55a4d1d5ab2b3ea77ccfa511a5655e	Client	[B@13805618
59	aedens1m	0646e938a4fff50654522bd9061e035	Admin	[B@56ef9176
60	wpoytress1n	f6fba2cb51bd7f6b1a0c80031ae38a04	Seller	[B@4566e5bd
61	lsailor1o	8ae21b42a7c23bb7ab2bbb282da2f245	Seller	[B@1ed4004b
62	hfaley1p	fd274305d96f18f4cf7efc0efd75b89e	Admin	[B@ff5b51f
63	lcrocket1q	89c3f08e49573ac2b2ae08c286f6ed7f	Client	[B@25bbe1b6
64	aliggons1r	92efb93ecac17e0c2934bda806af2481	Seller	[B@5702b3b1
65	dickeringill1s	eb655a56a5cb0839ebed34fe1f8aecc2	Admin	[B@69ea3742
66	ngooday1t	b23ee9db3928b7d84789be9a5350e9d3	Client	[B@4b952a2d
67	mhaton1u	63926469dd7d6fccff267e34d104b2d1	Admin	[B@3159c4b8
68	kroyl1v	f2165ecf95a83a87e32aa08d9ecde8da	Admin	[B@73846619
69	mbriskey1w	55bf9035e1cc1588b8cce00460fb416a	Client	[B@4bec1f0c
70	elambart1x	1a24d717e22c799ca3bc9be5cb5a8eec	Client	[B@29ca901e
71	spollie1y	2f69236e1cf833fc930885095c143d32	Admin	[B@5649fd9b
72	jkissack1z	57501142029b74ef6ebefe06cf00b928	Client	[B@6adede5
73	krothwell20	0ec86471f9fe251cebdc59669d97f8a8	Seller	[B@2d928643
74	cvasyutkin21	1e5c5a4b4b009dc1bad6e3ea7843f33e	Client	[B@5025a98f
75	nhamper22	8e3e6f7c06f14d14ac12bdc696b9794f	Client	[B@49993335
76	mfosdick23	724a7dfd98451faf4f5da718f61ac1fe	Client	[B@20322d26
77	ccode24	11b2826f25498b8d317d803684ba21c2	Admin	[B@192b07fd
78	krake25	6b898329e4e326a034cd2e1caa6f6bca	Seller	[B@64bfbc86
79	gmapam26	f599f0515bf73426e7cda7426593f465	Client	[B@64bf3bbf
80	fdelicate27	8bb32e2ed0afc4e1c37c8937f980551d	Client	[B@55d56113
81	iburn28	4d7102d722878550e4f3e5913c11d352	Client	[B@148080bb
82	cjoannic29	0872a1af496a25e8283d187166cf2d7a	Client	[B@dc24521
83	tdunsford2a	103fc428c9e7b9f3b6d9afddb3274514	Client	[B@10bdf5e5
84	pmarquiss2b	aacac68bea60f1ce1e827ea5711aba3d	Client	[B@6e1ec318
85	pfears2c	6d9e646508e39c2316aa75d0db9af077	Client	[B@7e0b0338
86	blahive2d	8bb16f88784c71a0d7bda5ddcb2294f4	Seller	[B@617faa95
87	nmarti2e	631973e5bde63f61951dfe3c8f9ea47a	Client	[B@1e127982
88	vdawes2f	6519e5ac32393eedf2637e012705c535	Admin	[B@60c6f5b
89	lpockey2g	a1edf7e012276257b03c8e70f050ffaa	Client	[B@2038ae61
90	uvanarsdale2h	e9fa51502a58b672b765dfb5d769118f	Client	[B@3c0f93f1
91	amelling2i	54678fcd87925b7abf3e596fdcc29a7e	Admin	[B@31dc339b
92	svieyra2j	c7582e7dfb0452cb3b2684361521eee0	Admin	[B@544fe44c
93	mwestlake2k	f45eba9e9cb45f07be2f01122934a8a3	Admin	[B@31610302
94	apaffot2l	2cfd053f02efec5df3966d5004213c24	Seller	[B@71318ec4
95	cblodgetts2m	7111448f5f01a1d1fe2669093f194049	Client	[B@21213b92
96	cjenkinson2n	1682e79d1446b072edd0495d5dd76cf7	Client	[B@a67c67e
97	cdanilewicz2o	460d1e029c4fdd3a66d2ff7f4672fa7c	Seller	[B@3327bd23
98	dgroome2p	55bb2c774816ce86eb35f2c117de2f11	Admin	[B@4e1d422d
99	dfirebrace2q	5bba3941ab05ce032652d1eef81165cd	Admin	[B@66480dd7
100	irust2r	2c0f2657858ca46435698956f4ffc048	Client	[B@52a86356
101	jpyrah2s	cff38de9994c6e97b918034c1f2aa67b	Admin	[B@5ce81285
102	cucchino2t	1ddd9f4c813d2de88bd722c44e839ede	Seller	[B@78c03f1f
103	jpavey2u	fe351b4662fe4221834a7b8d3efd5450	Seller	[B@5ec0a365
104	knanetti2v	45d9d3fcb5afc52dc0429054b523819f	Admin	[B@4fe3c938
105	tschoroder2w	cdb59ad939132cd54599b819f5462173	Admin	[B@5383967b
106	rgerholz2x	9c2bd767aa2a550425a0bffeddfc0d58	Seller	[B@2ac273d3
107	atenbroek2y	bf3f23d8add846b2a7ab115fd6f40bf8	Seller	[B@71423665
108	jbrinsden2z	ce82d65562634f0c1e7fa8f8ea6516b2	Client	[B@20398b7c
109	mdearnaley30	3e1cfdcf9aa023f70ead98b855f09b29	Seller	[B@6fc6f14e
110	ctidbury31	0ce52581bb92418da156451822b1baa4	Seller	[B@56235b8e
111	lharroway32	a762aac7b5c4ff42de11d3b1c871a5c6	Admin	[B@3632be31
112	hjeavons33	66e0dfe781230ec1c66b0eb94402c1c6	Client	[B@5abca1e0
113	ghambling34	7e5aac77fc6bfa232a66d3599e1f3584	Admin	[B@2286778
114	sbasill35	645c99a7e2676e3ad7fc6daf9b6ee180	Seller	[B@4e9ba398
115	eclubley36	e102496804c8aad26911d92a9fb14d9e	Seller	[B@6d7b4f4c
116	dtrounson37	4c1b9ba4876e23ffcc9bec4eaed9dbd4	Client	[B@527740a2
117	pcarl38	68ecbe9ab5f5a14b3687ef86c4526693	Seller	[B@13a5fe33
118	dmuselli39	f256b5023692a43b2ad3b28a2b8cce5d	Seller	[B@3108bc
119	tschneider3a	f9cb8ee0cca026b767b4591adcd0297a	Admin	[B@370736d9
120	ggenny3b	639bd72cf3f527d454071a4a911cffe9	Seller	[B@5f9d02cb
121	cthrift3c	12023963108cf6d2c29cfbc34ffe723a	Client	[B@63753b6d
122	gfrear3d	49101a3a7f65d4b6120ce0b11de123c3	Admin	[B@6b09bb57
123	apozzo3e	9e767d40f61157fc58ea46673811c4df	Client	[B@6536e911
124	ocrawford3f	e78c80f3ca730f7d7136af000cec35c7	Admin	[B@520a3426
125	mvaudrey3g	8d1a10679f995e41df7e7df303f25bc4	Client	[B@18eed359
126	mhubbucks3h	c165b0acc406e4c48b8221230316aab9	Client	[B@3e9b1010
127	mdawid3i	58270206bcbdf8f877e58543ca80fee3	Admin	[B@6c3708b3
128	mtreece3j	a24594357a66b320d8a5ee1cbb9a70ca	Client	[B@6f1fba17
129	ffryman3k	7b0aeb1353a3fce738b23a60d030d74b	Admin	[B@185d8b6
130	hharrowing3l	198c92bab73c590d7f477ac70a41c279	Seller	[B@67784306
131	dciccotto3m	1148fb1e2a871d9d8c1ea1b6fe98287e	Client	[B@335eadca
132	asouthern3n	b8050d0e6f834e9e19a3dfe3f6520611	Admin	[B@210366b4
133	lchill3o	6f401af2c1d9827fbc441085e8296029	Client	[B@eec5a4a
134	jwalworche3p	046f052e878d6b71db7edaefa7f10f78	Client	[B@6ddf90b0
135	gasker3q	b53626b8926e0d6d707a0d71f5defd16	Admin	[B@57536d79
136	cbiswell3r	f650742fedafde28d9cafa1092df2aef	Client	[B@3b0143d3
137	csaffer3s	c66c39678ca112a1ec57349d05949ff2	Seller	[B@5a8e6209
138	dmallabund3t	127deca2181f9124fb84ee058597ecb0	Client	[B@4b4523f8
139	tfifoot3u	d37514e040d4ecd3c27ec37cc7820976	Seller	[B@731a74c
140	mcasacchia3v	762710bae4162a8f541217ad97598529	Seller	[B@369f73a2
141	mospellissey3w	0b758e08de69110bf8c1941fee7591cb	Client	[B@1f28c152
142	nfeldfisher3x	c84e8b4988503c9fbc577d8c9071d2cc	Admin	[B@7d907bac
143	pscane3y	0347f3625aa52e858fb18a6f9991c0fa	Seller	[B@7791a895
144	mgibb3z	0a1521f4dc53c0809c23feb6b243122a	Seller	[B@3a5ed7a6
145	fchifney40	bfd86098b90ecb1e38471e45c383a29d	Seller	[B@6325a3ee
146	gniccols41	6def22fe196e02260a7042715be9ee4b	Admin	[B@1d16f93d
147	gbucknill42	61134c081377635eac84ea08ed1b7476	Seller	[B@67b92f0a
148	ebraven43	a282904bcdea4e3bcf188ecdc4d3085e	Seller	[B@2b9627bc
149	sjewel44	1da7edebff9ab300a68985f4d5271f82	Client	[B@65e2dbf3
150	vbernot45	04d5300b9928a05dcc2301700a505799	Client	[B@4f970963
151	tbellinger46	ad7f540ef262a78f08b63701ddbaf50f	Seller	[B@61f8bee4
152	emcgruar47	c028fbeb59b77871012613b852ad6817	Client	[B@7b49cea0
153	runderhill48	dc0a8515cb5550c7530c67b78428e56d	Client	[B@887af79
154	tbalcon49	6b0641d667ece529dc2e67cc6ac54dde	Seller	[B@7fac631b
155	bwarcup4a	51aaa39165377cd1b6cc8fcbfbc6593b	Seller	[B@5b87ed94
156	eruthen4b	d99dcd1aeee7dd7502e5dfb550a21ca2	Client	[B@6e0e048a
157	kredbourn4c	4f603b432449edfdfd84116adaf1ea24	Seller	[B@5bc79255
158	lmatusov4d	3a799e5dd9732346f53dc08237fd206a	Seller	[B@47ef968d
159	ghallowell4e	b9372fdda693bb09b287789df33c66da	Client	[B@23e028a9
160	mszreter4f	a65abea430a8aa77b336da02add5c6e8	Admin	[B@3dd4520b
161	ksylvester4g	beaae8d24aa0c8f2a6ed89c253fe0ea1	Admin	[B@5ae63ade
162	rschmidt4h	fb88d61b3943041765775ce4d7a99fd9	Client	[B@610694f1
163	mfeveryear4i	b9c2efb334cc6fd0e60639c3586ece00	Client	[B@43814d18
164	maggott4j	49c1230a9158da41126e635d5efb1cbb	Client	[B@5c5a1b69
165	lschneidar4k	172660b8f83ffc235399b93a844897cb	Seller	[B@3701eaf6
166	dbaldetti4l	818620887cf3888ad460e4968d9b0e13	Client	[B@627551fb
167	nhartles4m	f46917d8743d98288e46b7567e863216	Admin	[B@2b552920
168	egalea4n	48014166027ba28850bc3ab3195cb6f5	Seller	[B@2758fe70
169	mgianilli4o	f173a690f4ac81a08f75eda8fc96dc07	Admin	[B@1f36e637
170	lpagen4p	5edc408969cc9b7b3a373e4bbf673559	Admin	[B@578486a3
171	lderx4q	3415018b49e1df67683e38864b3b6dd2	Admin	[B@551aa95a
172	ddonise4r	11b5b2ec8eb17e32fb8d833a65410dc2	Seller	[B@35d176f7
173	shabershon4s	7ae43d10a86ef49616f83d33f94c429f	Client	[B@1dfe2924
174	aginnelly4t	c5df0584d2ba4079174f1e16d5af0452	Admin	[B@6ebc05a6
175	ebartholat4u	42bb70fe37fb352712f5953c88a83966	Admin	[B@6e6c3152
176	bdenisovich4v	f81c084f15bba70ff4fbdcfaf92f88ce	Seller	[B@50b494a6
177	jbaudesson4w	31532a1c1d8bf9ffd3521cad834d149a	Seller	[B@3cef309d
178	bcurrey4x	29e5b7985a091da4d5f985f5d37ee9a9	Admin	[B@32709393
179	lcarrett4y	8b35993f235133f858b41a7f8535ab21	Admin	[B@3d99d22e
180	dmclurg4z	8fa422e2ed59bec55f287a2a95a4265f	Admin	[B@49fc609f
181	ekenen50	614ae93994cdb3f54a7599f20ab03297	Client	[B@cd2dae5
182	fsimoni51	e832e22117326072b4c74979d1ce45f3	Client	[B@3a883ce7
183	jcoldrick52	1fb677160f360bc03e31c6bd9fd9f32e	Seller	[B@4973813a
184	mscriviner53	399befa372e2c8aa4bc6fa3df4f30de0	Client	[B@6321e813
185	eirdale54	0e4e99b5f7e0e56b747a69d2754adc87	Client	[B@79be0360
186	nwilkowski55	396ba62cca6cd1916bf700b40f5cf7f9	Client	[B@22a67b4
187	bmarfe56	13deec323276e831c2b240f29a535504	Admin	[B@57855c9a
188	kardron57	39cfdbadd8e9ce42046858fa4c277abd	Admin	[B@3b084709
189	ekares58	c140d77e60be1b5d634803f255764db5	Admin	[B@3224f60b
190	ldeeman59	2c5a5dbb4316b692b4fa37a46fa4ea66	Seller	[B@63e2203c
191	cfishe5a	440a406d38b69e689944dda545761e52	Seller	[B@1efed156
192	asmyley5b	f543938835b1974617f0cfc89777d5a4	Seller	[B@6737fd8f
193	straise5c	f3d5282f37bc5c71e932a1211bb40451	Seller	[B@72b6cbcc
194	ehalbert5d	afc0e7100b14d592fc7e907ec317382a	Seller	[B@a7e666
195	stayler5e	d5c7ae461737f9baa29d8db2c02d2893	Seller	[B@68bbe345
196	dcharlotte5f	f3bbdd72550d8a367624dfe5dc69ba93	Client	[B@30b8a058
197	ogoward5g	2c63f4c9d5555ba906a15ae66305b575	Client	[B@7494e528
198	lpods5h	7f39cd41f20571d0e847e9e9edbf970d	Admin	[B@4bbfb90a
199	smcmeyler5i	9bfaca1942ae44c20af1eda69eb4adbf	Admin	[B@7c29daf3
200	gjerrom5j	f88f957a4f60b32daee02f70ffdeb623	Seller	[B@9660f4e
201	ctarbert5k	8f7db3b53f0897f7de5c8297f39dfd04	Admin	[B@5a8806ef
202	oforsythe5l	0e9a15b39a5bee6e3065fe9c6b2acc90	Client	[B@6c49835d
203	hharrowsmith5m	6c63fb0cb23e94f09122978b8dedebcc	Admin	[B@5e853265
204	ajozwik5n	2af3fcf7c429be4e3549db0843cd83e7	Admin	[B@67205a84
205	lormerod5o	4990b2cf6f07558f8775b602f9b0fa5b	Seller	[B@7d0587f1
206	lyerborn5p	5345de589d02503d8cbe28e8aeff4f2b	Admin	[B@5d76b067
207	ggerry5q	910ee2d75db62afc55d88628a914ee3b	Client	[B@2a17b7b6
208	jduigan5r	a94d16855a16c4e2de9d961771ce476b	Admin	[B@4f063c0a
209	ashilstone5s	5021b4a4a02b64df40de69e52b202568	Seller	[B@1e6d1014
210	lsimoncello5t	a2fb436a337d2d8949fbf20b64507a31	Client	[B@76707e36
211	jfrentz5u	22d70ea5bffeea6c0d1a3da2359f3b1f	Admin	[B@614ddd49
212	gumpleby5v	fc5cf0bd03fe5649477ff39493a7bc74	Client	[B@1f554b06
213	mkimblen5w	80e95037d5b8ba29edbc9e329e0b8231	Admin	[B@694e1548
214	mmedwell5x	f083bb7091599abf38f463f0a7819875	Client	[B@1c3a4799
215	omacilraith5y	15894383c320d2c02f93527c5113670d	Seller	[B@131276c2
216	florinez5z	b05119122fe12ce49c2abc50401c9971	Seller	[B@26aa12dd
217	kjardine60	8a1aead5fcf02bb9ffc530b3e5505bbd	Admin	[B@3fd7a715
218	kfleischer61	c9d88573a99b33e7f1a116438ace6bc5	Client	[B@711f39f9
219	dspohrmann62	339b271468ec926a87fbe54d266deaf8	Admin	[B@71bbf57e
220	ebonhome63	7703d52208b1737fef81b86b52c51297	Admin	[B@7f13d6e
221	ecorbould64	3e84a74f31101d1a0aedca9bc8f80b0b	Client	[B@51cdd8a
222	clindberg65	77363ad9c08fa53fa6322e889d018e1e	Client	[B@d44fc21
223	toruane66	cd3364f6a8ab2eb4905f67f9770c5e75	Seller	[B@23faf8f2
224	pthom67	1957f8b4e6bddc44a396e44e2b74c97d	Admin	[B@2d6eabae
225	lspurden68	b3bc1ca4c62ec8f4825a53c118fbc2bf	Client	[B@4e7dc304
226	gdelmage69	0bc7994c0315d51b0694eb06fdcd76dd	Admin	[B@64729b1e
227	kdekeyser6a	22bf6f161bdb5495b676bdb247da4f09	Client	[B@10bbd20a
228	nhearnshaw6b	d5db703ee6e5647d15ccdf0c365f02f7	Client	[B@48503868
229	enewborn6c	6c312ec003b841b44d9ba6516884ebe4	Client	[B@6895a785
230	dinglish6d	11b149e2d1f2cf699ffc7090cdc528b6	Client	[B@184f6be2
231	oandrzej6e	439fdcf2ec922d985c8aa21206e5fd90	Seller	[B@56aac163
232	jklimentyev6f	9ca38bb324b3e54e568c9767bb73ef5e	Client	[B@1f7030a6
233	sburnup6g	740a0f2fbe430819ae0ab27fc4d20d8f	Admin	[B@5a1c0542
234	bsherrard6h	736b837f327c25853976303b947e99f0	Client	[B@396f6598
235	jwhetton6i	e60c0e3bd3df123b376240bac7948fa2	Admin	[B@394e1a0f
236	rtriplow6j	f364c060d92573028c2e8fbfc7d81720	Admin	[B@27a5f880
237	kniece6k	8c92eaa7fdb498682901f6f3ead8ff82	Client	[B@1d29cf23
238	ndulson6l	b996de40e63995c0560078e8d145982b	Seller	[B@5f282abb
239	rshevlane6m	f3c790479e7090c69c8851893576a5c1	Admin	[B@167fdd33
240	bwallett6n	399a9c9b5ebe7f667844bc1cadb2836c	Client	[B@1e965684
241	cpuddin6o	a21ecd2aa2eb3eab494896c37767f7ec	Admin	[B@4d95d2a2
242	eraubenheim6p	94c88095067ba8da315f292ab500fdea	Client	[B@53f65459
243	omadle6q	0a6fd1959a80cbd5c432732588b70a69	Seller	[B@3b088d51
244	lrodinger6r	4a03ce57434d0a6fa752ac85d1fad9f6	Client	[B@1786dec2
245	wstagge6s	6600432efc47c74676cf4e0d476fb0b3	Client	[B@74650e52
246	droskrug6t	29e3cf4341f626bce1e578681abff3f3	Admin	[B@15d0c81b
247	lopie6u	f34b68ce1af06095d02aab897d711923	Admin	[B@6acdbdf5
248	gstables6v	fbabdab3287997ea5bdb56970c1a9cbf	Seller	[B@4b1c1ea0
249	test	a32c3c05555740e251f32ddd5af1c1f9	Seller	[B@1b604f19
251	test2	eba387df4fd04d359bf3319d21b7cefa	Admin	[B@153f5a29
252	4	445	hjg	ghg
253	testclient	cc26da989a632d2878ac638e597e1bd1	Client	[B@3a4bbea5
254	testclient1	21a4e8794166ce875bcf8b18ab1305bc	Client	[B@605dd1e9
255	testclient2	e90d2b0aaf022fd878864a425ad73535	Client	[B@30da9d92
256	testclient4	a8511b7582c3184364b95c480c76c3f3	Client	[B@4e93085b
257	clienttest	2b405543c500e24a3db15e3c26c6cb58	Client	[B@236a2dc6
258	clienttest1	ddfc2c9ff6481581365f90d3a44ac691	Client	[B@33386d6f
259	ftest	293bdc4abe33a13afb0a9140885e7600	Client	[B@1c01ef4a
260	final_client	11271fda8e591272ecc37700e77d2a08	Client	[B@41592eb4
261	asdd	a6a2d2a510fecedf306106a6a35a191c	Client	[B@210f65b4
0	newc1	a857f7b9dad11f6d64991db1155a6532	Client	[B@6617ed79
262	news2	4c990715985f99db0c192632819bc239	Seller	[B@3f1384c0
263	politis	434bb30af3f1f7260903ce44db2b5d82	Seller	[B@62a83178
264	news3	d0fb7a6c7d3859fd5d82f589a0f94059	Seller	[B@6db38f6d
265	azml	2236a567daab38eda82c6700408ffeb1	Client	[B@4fccadf7
266	lazm	e426dcb1a694cc817286c53de4e2d7e2	Client	[B@3fef0bf5
267	lomp	37051f81286961ecb450681e2869c038	Seller	[B@53cb69eb
268	vold	3ed01f3b74ae4fef438c4df70dbdcf1e	Client	[B@27ef781f
269	vv	1a34c5aded66dec111183ecb606db644	Client	[B@4302e89f
270	a	c5b975d6f49d5aebb2d534738e969eae	Client	[B@23f1a2dd
271	res	c09f9614481fade018beb0bbb407707e	Client	[B@18540df2
272	cv	3c517b88538048bcce86bbd7413dc3e9	Seller	[B@5adb992
273	zx	2caad6f71c362c692d01987b0a0fd7e5	Seller	[B@2fab8dfb
274	aw	ca38129f2d0413bc98f4e5e1429fef69	Seller	[B@6571a55a
275	zxc	7f15ea612056875c519a905cb8a58fad	Seller	[B@26ef85eb
250	testt1	8c751b58c854ae765e52d12f8dcb71ba	Client	[B@1b604f19
276	finale	5b588988295abdf641901646f041fb06	Client	[B@a2aca1b
277	testv2Client	6147abff073912023a1532f1cbddcbc6	Client	[B@65661485
278	testv3Client	185da65c25bfbb2446c1558dff1ba87f	Client	[B@5c6c08be
\.


--
-- Data for Name: admins; Type: TABLE DATA; Schema: public; Owner: postgres
--

COPY public.admins (id, username, saltpass, salt, email, admincode, fname, lname) FROM stdin;
1	emcknish0	3e38f390d8e33e62bd0b4f579446a834	[B@7dc7cbad	xbreissan0@springer.com	TNCERKOBR5Y3R78	Ximenes	Breissan
2	hfolini1	6d12c74a3f162f088768ddc90358f4f5	[B@29774679	eclows1@howstuffworks.com	IW31GJAQB375KN2	El	Clows
6	lillston5	5394df57d273efa3af1d6d24f161170c	[B@3532ec19	wrockingham5@spotify.com	NTSV8M0UKELODSM	Winne	Rockingham
9	dmurt8	ee0ed11dc6adc7d5a2494e67eefb37f5	[B@59f99ea	rcamier8@bbc.co.uk	14ZC7VME1LKAKOS	Rosalia	Camier
10	sodonovan9	13e5aa8cf7591617ad503733fc0811f3	[B@27efef64	bcockshot9@rakuten.co.jp	JTLXZ8RA1XGNPO0	Brose	Cockshot
11	mwastlinga	f1e1b45e74f8aaabf4c8095484689071	[B@6f7fd0e6	eslogravea@about.me	ZYOEZWF78RGB48Y	Evey	Slograve
12	lwentb	cd5aecddd45e342978d38ad979543fad	[B@47c62251	flasseyb@sourceforge.net	Q5SQK79NQ8CH5QP	Frasco	Lassey
16	hcrampsyf	0e11d14826cd37eb5c68f20367000d5c	[B@53b32d7	lfurneyf@ca.gov	G0II27E4VCE8YZN	Lorrie	Furney
17	dhallowayg	a2a81a3d0ee20e501f85f5f7e6c138fa	[B@f6c48ac	rattleg@last.fm	GB8BVCOJ6QZH8CH	Rubetta	Attle
20	cgernerj	18464c13680d662bda0e0e30e535c9fc	[B@3abbfa04	kcollisterj@pen.io	YFTKHASN0KCPO7H	Karil	Collister
21	kandreuccik	f22a5534fe9cec87be25e046612b6883	[B@57fffcd7	tfrankemak@51.la	B5LRZVNVVS12V7F	Tabb	Frankema
22	gtinsleyl	4d2349dd3e4bf113adea94f655c6d0d8	[B@31ef45e3	rfrigoutl@newsvine.com	AB10PC49EI1U6YM	Reade	Frigout
23	lleakem	e8adc9fb4ce94b82b739d1d272e1b0cc	[B@598067a5	cibbsm@kickstarter.com	N4LE6Y7NH24105U	Clemmie	Ibbs
25	bkareto	9df0f6f65fee3f0221ca2f6b1e825cd1	[B@14bf9759	fraikeso@altervista.org	XRY2F2MVEJ8CLCT	Frans	Raikes
28	rrorker	8e19406dcd0d899ca9008d9d733a3b6c	[B@4f7d0008	jglavisr@drupal.org	YJU6I2A34ATBO9B	Jakob	Glavis
32	hpiwellv	37a87aaac1bb6daab5c4ed48004abda5	[B@6500df86	demmattv@bloglovin.com	0X4CEOC3NHJGU5G	Dominique	Emmatt
34	jrannx	4adb6e870d8e686cde958c0df0057ee1	[B@59ec2012	moventonx@ucoz.ru	YTOS06H08Y8N30P	Maxi	Oventon
37	rclute10	2ef9c6814824fc3dc8290add96cd4c14	[B@3fee9989	afalk10@is.gd	4SHZ0NQ1S348BRS	Amity	Falk
38	gtwomey11	2947e9550dc262f53cfa43cecbce42d6	[B@73ad2d6	ltapin11@eepurl.com	ZUZU2WL0G2J8QOS	Lanna	Tapin
43	carni16	8508fcfd40e01ce6cbb47e7def3807e9	[B@5bcab519	rhusher16@people.com.cn	8I5KFSC9XLLVTJP	Roma	Husher
48	lkenningham1b	be983f1f46f055adb6db3d500a37119b	[B@1e397ed7	nslatter1b@fda.gov	OAFHIFRKD4ZM3PO	Nevin	Slatter
49	dsergant1c	50136594c4409e4bef9a9eda2ec0076d	[B@490ab905	nchristiensen1c@theguardian.com	VGJ6UZA77VV7GEU	Natala	Christiensen
54	dlinnane1h	4243a6e1833cd7e1d678fad0501a5aca	[B@59494225	dbeynon1h@google.pl	POXBJFNEPY8NWP4	Daphna	Beynon
55	cgarrish1i	46e76898a3cb951d8a0919453e487387	[B@6e1567f1	rhannah1i@cpanel.net	5SFYVC5LVZC8FLK	Rodina	Hannah
59	aedens1m	0646e938a4fff50654522bd9061e035	[B@56ef9176	cstaggs1m@uiuc.edu	FSEP1LKC56BN3RU	Chelsy	Staggs
62	hfaley1p	fd274305d96f18f4cf7efc0efd75b89e	[B@ff5b51f	fbeedham1p@wikispaces.com	XEFZ39JRM3WUOFX	Frederick	Beedham
65	dickeringill1s	eb655a56a5cb0839ebed34fe1f8aecc2	[B@69ea3742	gfrome1s@nhs.uk	NMQP8I6H2AL3SGQ	Gail	Frome
67	mhaton1u	63926469dd7d6fccff267e34d104b2d1	[B@3159c4b8	nkeford1u@ibm.com	0ZP8SYU702O427Y	Nevins	Keford
68	kroyl1v	f2165ecf95a83a87e32aa08d9ecde8da	[B@73846619	aledgister1v@marketwatch.com	8GUC3ISJGT7XSCL	Appolonia	Ledgister
71	spollie1y	2f69236e1cf833fc930885095c143d32	[B@5649fd9b	btolan1y@comsenz.com	A7PDGDNJGK27UZ7	Bibi	Tolan
77	ccode24	11b2826f25498b8d317d803684ba21c2	[B@192b07fd	npragnall24@illinois.edu	GS99WA1GUSW28KK	Natividad	Pragnall
88	vdawes2f	6519e5ac32393eedf2637e012705c535	[B@60c6f5b	mblasing2f@networkadvertising.org	IO8E1TK4ZJIRF8F	Maggi	Blasing
91	amelling2i	54678fcd87925b7abf3e596fdcc29a7e	[B@31dc339b	billingsworth2i@list-manage.com	RZHAWL26ZNZU1ZP	Bev	Illingsworth
92	svieyra2j	c7582e7dfb0452cb3b2684361521eee0	[B@544fe44c	sclemanceau2j@booking.com	OI3PNDSKGNM7Y1R	Stearn	Clemanceau
93	mwestlake2k	f45eba9e9cb45f07be2f01122934a8a3	[B@31610302	jspurrior2k@gnu.org	UK9ULV9T1EUWQ1G	Jennifer	Spurrior
98	dgroome2p	55bb2c774816ce86eb35f2c117de2f11	[B@4e1d422d	lbeauman2p@squidoo.com	Y0BTZ9F9O7O4ELY	Lisle	Beauman
99	dfirebrace2q	5bba3941ab05ce032652d1eef81165cd	[B@66480dd7	rbercevelo2q@about.me	BGEMESWC96FAAOO	Riley	Bercevelo
101	jpyrah2s	cff38de9994c6e97b918034c1f2aa67b	[B@5ce81285	twickstead2s@oakley.com	M1U59O124DTPZ5N	Therine	Wickstead
104	knanetti2v	45d9d3fcb5afc52dc0429054b523819f	[B@4fe3c938	arigbye2v@arizona.edu	FKPZBPAB66G2Y8I	Adams	Rigbye
105	tschoroder2w	cdb59ad939132cd54599b819f5462173	[B@5383967b	worchard2w@hatena.ne.jp	6RAXPL7JLIZACUV	Wally	Orchard
111	lharroway32	a762aac7b5c4ff42de11d3b1c871a5c6	[B@3632be31	foscallan32@linkedin.com	E7J5I15VMX5OA2G	Fitzgerald	O' Scallan
113	ghambling34	7e5aac77fc6bfa232a66d3599e1f3584	[B@2286778	sjentzsch34@vkontakte.ru	40N1P11489YF12N	Spense	Jentzsch
119	tschneider3a	f9cb8ee0cca026b767b4591adcd0297a	[B@370736d9	salcide3a@opensource.org	KA7IG2FCUEHUM23	Saundra	Alcide
122	gfrear3d	49101a3a7f65d4b6120ce0b11de123c3	[B@6b09bb57	kdoe3d@mapquest.com	EHJGO7ULUXQMQQJ	Kore	Doe
124	ocrawford3f	e78c80f3ca730f7d7136af000cec35c7	[B@520a3426	tkerrich3f@de.vu	LY3LCOSO3TSABC9	Thia	Kerrich
127	mdawid3i	58270206bcbdf8f877e58543ca80fee3	[B@6c3708b3	dedgeller3i@geocities.jp	DQF0POPNUIUY3RB	Dyane	Edgeller
129	ffryman3k	7b0aeb1353a3fce738b23a60d030d74b	[B@185d8b6	vkillcross3k@abc.net.au	DBH2YIILNDC08V6	Violetta	Killcross
132	asouthern3n	b8050d0e6f834e9e19a3dfe3f6520611	[B@210366b4	sshoosmith3n@hostgator.com	D53KMZY5M3GXA0D	Stearne	Shoosmith
135	gasker3q	b53626b8926e0d6d707a0d71f5defd16	[B@57536d79	klammerding3q@4shared.com	G6899V8O38H3LD1	Kristoffer	Lammerding
142	nfeldfisher3x	c84e8b4988503c9fbc577d8c9071d2cc	[B@7d907bac	nraden3x@discovery.com	N789G33YKXUZD0O	Nannette	Raden
146	gniccols41	6def22fe196e02260a7042715be9ee4b	[B@1d16f93d	aneeve41@washingtonpost.com	ZCBMVM86SNT99LN	Alix	Neeve
160	mszreter4f	a65abea430a8aa77b336da02add5c6e8	[B@3dd4520b	kmollitt4f@mac.com	7KVGRK69W21IVLQ	Kippy	Mollitt
161	ksylvester4g	beaae8d24aa0c8f2a6ed89c253fe0ea1	[B@5ae63ade	ygenery4g@tamu.edu	RZRK6M9JOJIOQK6	Yance	Genery
167	nhartles4m	f46917d8743d98288e46b7567e863216	[B@2b552920	efullick4m@scientificamerican.com	IG7KBVKODOV0QDB	Esdras	Fullick
169	mgianilli4o	f173a690f4ac81a08f75eda8fc96dc07	[B@1f36e637	emccarrick4o@github.io	Q3TSRTSARSKOZT8	Ernst	Mc Carrick
170	lpagen4p	5edc408969cc9b7b3a373e4bbf673559	[B@578486a3	civett4p@ftc.gov	KVG3HSS4RRX1ST9	Conan	Ivett
171	lderx4q	3415018b49e1df67683e38864b3b6dd2	[B@551aa95a	btowsie4q@scientificamerican.com	54R20EYWFW9QBSO	Bearnard	Towsie
174	aginnelly4t	c5df0584d2ba4079174f1e16d5af0452	[B@6ebc05a6	jbrick4t@wisc.edu	FUK3YLUWP1RCBIY	Jean	Brick
175	ebartholat4u	42bb70fe37fb352712f5953c88a83966	[B@6e6c3152	athreader4u@friendfeed.com	AWZAHA4W0VUTMBT	Amalie	Threader
178	bcurrey4x	29e5b7985a091da4d5f985f5d37ee9a9	[B@32709393	tbernard4x@prnewswire.com	SLJMB9JWBFOGUYC	Thomasina	Bernard
179	lcarrett4y	8b35993f235133f858b41a7f8535ab21	[B@3d99d22e	rrimes4y@pen.io	SEV7JBXIL4KP8RK	Ragnar	Rimes
180	dmclurg4z	8fa422e2ed59bec55f287a2a95a4265f	[B@49fc609f	jgyrgorwicx4z@archive.org	28OIXUANG50U0LT	Jillie	Gyrgorwicx
187	bmarfe56	13deec323276e831c2b240f29a535504	[B@57855c9a	rdacey56@independent.co.uk	89NO6CNIYIHR7Q6	Roby	Dacey
188	kardron57	39cfdbadd8e9ce42046858fa4c277abd	[B@3b084709	obudcock57@state.tx.us	WZK12BPKVT53KFZ	Oralla	Budcock
189	ekares58	c140d77e60be1b5d634803f255764db5	[B@3224f60b	pmattioni58@studiopress.com	WVIBER0IV2BLAP3	Pepi	Mattioni
198	lpods5h	7f39cd41f20571d0e847e9e9edbf970d	[B@4bbfb90a	rlarrat5h@java.com	5WYV3E17STJSHP1	Reginald	Larrat
199	smcmeyler5i	9bfaca1942ae44c20af1eda69eb4adbf	[B@7c29daf3	cdavoren5i@lulu.com	ZYI2Z7EQF5AXMIL	Camey	Davoren
201	ctarbert5k	8f7db3b53f0897f7de5c8297f39dfd04	[B@5a8806ef	khussy5k@army.mil	AC7E6NGDGE4DXKR	Kris	Hussy
203	hharrowsmith5m	6c63fb0cb23e94f09122978b8dedebcc	[B@5e853265	cjorg5m@nasa.gov	P09K0ESUGL5KRLO	Cort	Jorg
204	ajozwik5n	2af3fcf7c429be4e3549db0843cd83e7	[B@67205a84	rburtwell5n@about.me	7GZ712AROJH91E7	Riley	Burtwell
206	lyerborn5p	5345de589d02503d8cbe28e8aeff4f2b	[B@5d76b067	phastelow5p@geocities.jp	7JVCG7JJ5M2SRTM	Piggy	Hastelow
208	jduigan5r	a94d16855a16c4e2de9d961771ce476b	[B@4f063c0a	jdeeney5r@ucoz.com	0EGS7VCHSPRR1OH	Jacintha	Deeney
211	jfrentz5u	22d70ea5bffeea6c0d1a3da2359f3b1f	[B@614ddd49	gstansfield5u@miitbeian.gov.cn	ABS7HDIPXH44LEZ	Garik	Stansfie
0	news2	07c31fc00417f80571c74c9166c7525e	[B@734a9a9c	news2@seller.com	111111111111111	theo	gian
262	news2	4c990715985f99db0c192632819bc239	[B@3f1384c0	news2@seller.com	111111111111111	theo	gian
263	politis	434bb30af3f1f7260903ce44db2b5d82	[B@62a83178	hj@dgf.com	111111111111111	theo	gian
264	news3	d0fb7a6c7d3859fd5d82f589a0f94059	[B@6db38f6d	news3@seller.com	222222222222222	theo	gian
\.


--
-- Data for Name: bill; Type: TABLE DATA; Schema: public; Owner: postgres
--

COPY public.bill (phonenumber, billdate, price) FROM stdin;
2108315319	2020-06-09	52.75
6981461562	2020-06-06	61.9
2107525726	2020-06-25	45.59
2101002670	2020-06-13	63.59
2109513548	2020-06-23	88.64
2109319584	2020-06-06	43.95
2108649999	2020-06-20	78.75
2101117723	2020-06-04	48.9
2108923972	2020-06-22	61.48
2106165801	2020-06-05	79.75
2107480964	2020-06-29	81.99
2108489971	2020-06-05	75.9
6952620828	2020-06-27	34.95
2108046351	2020-06-04	62.64
2108525004	2020-06-30	49.9
6940361667	2020-06-23	31.95
2106682033	2020-06-15	65.75
2105038093	2020-06-20	66.95
6922585647	2020-06-29	65.479996
2101547936	2020-06-27	67.9
2107560941	2020-06-01	50.59
6948687089	2020-06-19	76.9
6924277922	2020-06-13	56.9
2103362183	2020-06-03	56.9
2107275203	2020-06-04	56.989998
2108225263	2020-06-05	86.479996
6990381653	2020-06-30	70.479996
2100884212	2020-06-07	49.9
2105034643	2020-06-10	92.64
2104680130	2020-06-04	54.48
6945663472	2020-06-02	55.75
2109913052	2020-06-20	55.48
2106118564	2020-06-21	59.989998
6994056491	2020-06-25	30.95
6960438693	2020-06-25	64.75
2104484350	2020-06-10	74.95
2106731422	2020-06-16	56.95
6928571134	2020-06-28	43.95
6948847837	2020-06-11	84.59
6969999508	2020-06-16	75.9
2102020925	2020-06-02	85.9
6900123461	2020-06-01	53.48
6955872461	2020-06-29	81.59
2107306847	2020-06-04	54.64
6977141504	2020-06-10	66.479996
2103012814	2020-06-07	69.75
2102531340	2020-06-19	68.95
2103735622	2020-06-13	50.59
6918803166	2020-06-05	55.95
6975827383	2020-06-11	41.95
6937518663	2020-06-22	42.59
6971310434	2020-06-03	69.9
6984854793	2020-06-29	65.95
6978150044	2020-06-05	85.479996
6963320182	2020-06-06	55.48
2109651935	2020-06-05	85.64
2105091663	2020-06-04	74.99
6981818196	2020-07-01	47.48
\.


--
-- Data for Name: call; Type: TABLE DATA; Schema: public; Owner: postgres
--

COPY public.call (phonecaller1, phonereceiver, calldate) FROM stdin;
2108315319	6991728354	2020-05-09
6981461562	6920936310	2020-05-16
2107525726	6927686341	2020-05-29
2101002670	2104464609	2020-05-12
2109513548	6919378983	2020-05-07
2109319584	2105785657	2020-05-29
2108649999	2108727546	2020-05-26
2101117723	2102131347	2020-05-02
2108923972	2100282502	2020-05-28
2106165801	6903592325	2020-05-20
2107480964	2104643848	2020-05-18
2108489971	6908233884	2020-05-15
6952620828	2109234868	2020-05-16
2108046351	6975435209	2020-05-21
2108525004	2109381259	2020-05-02
6940361667	2100555285	2020-05-03
2106682033	6912937113	2020-05-25
2105038093	2105093951	2020-05-26
6922585647	6905601007	2020-05-26
2101547936	6960069280	2020-05-25
2107560941	6991812241	2020-05-10
6948687089	2109081950	2020-05-22
6924277922	2103264489	2020-05-16
2103362183	6937904172	2020-05-19
2107275203	2108823354	2020-05-02
2108225263	2100740266	2020-05-29
6990381653	2102506969	2020-05-04
2100884212	6973258335	2020-05-19
2105034643	2101747745	2020-05-11
2104680130	6924888258	2020-05-30
6945663472	6933488633	2020-05-27
2109913052	6972263953	2020-05-21
2106118564	2106881918	2020-05-28
6994056491	6984714435	2020-05-07
6960438693	6970546146	2020-05-18
2104484350	2102011249	2020-05-08
2106731422	2108602490	2020-05-28
6928571134	6934126645	2020-05-06
6948847837	2104859715	2020-05-04
6969999508	2100692256	2020-05-27
2102020925	6924432511	2020-05-11
6900123461	2103756204	2020-05-20
6955872461	2107708170	2020-05-20
2107306847	2100868096	2020-05-01
6977141504	2108966243	2020-05-04
2103012814	6952186053	2020-05-30
2102531340	6983509329	2020-05-25
2103735622	6950390380	2020-05-16
6918803166	2106328841	2020-05-18
6975827383	6905991355	2020-05-29
6937518663	2102499757	2020-05-04
6971310434	2105496731	2020-05-22
6984854793	6940520199	2020-05-30
6978150044	6904872685	2020-05-23
6963320182	2101145186	2020-05-14
2109651935	6931713365	2020-05-20
2105091663	6967067267	2020-05-07
2108315319	2106963269	2020-05-29
6981461562	6951623095	2020-05-05
2107525726	6994341304	2020-05-15
2101002670	2101849576	2020-05-16
2109513548	6984493930	2020-05-10
2109319584	6942221518	2020-05-02
2108649999	2101970719	2020-05-15
2101117723	2106170383	2020-05-14
2108923972	2102896822	2020-05-19
2106165801	2109231505	2020-05-09
2107480964	2104211206	2020-05-06
2108489971	2107340237	2020-05-13
6952620828	2108564724	2020-05-17
2108046351	6985746755	2020-05-20
2108525004	6950910421	2020-05-09
6940361667	6923537780	2020-05-05
2106682033	6956407130	2020-05-01
2105038093	6994765025	2020-05-03
6922585647	6936816269	2020-05-26
2101547936	6951260672	2020-05-21
2107560941	2109950433	2020-05-27
6948687089	6974522358	2020-05-26
6924277922	6988934059	2020-05-11
2103362183	2106419488	2020-05-14
2107275203	2107135287	2020-05-21
2108225263	2105856825	2020-05-30
6990381653	2101915873	2020-05-17
2100884212	2102859193	2020-05-10
2105034643	6971671038	2020-05-27
2104680130	2104767447	2020-05-14
6945663472	6903573666	2020-05-13
2109913052	2104814905	2020-05-01
2106118564	2100843428	2020-05-27
6994056491	6938885960	2020-05-04
6960438693	6985088433	2020-05-10
2104484350	2100352155	2020-05-22
2106731422	6959462511	2020-05-02
6928571134	6999007808	2020-05-09
6948847837	6990511477	2020-05-11
6969999508	2100077956	2020-05-22
2102020925	2101490566	2020-05-05
6900123461	2104907125	2020-05-13
6955872461	6956396091	2020-05-20
2107306847	2101949824	2020-05-27
6977141504	6925891754	2020-05-08
2103012814	6944467721	2020-05-15
2102531340	6963002981	2020-05-07
2103735622	2101376686	2020-05-03
6918803166	6966730272	2020-05-28
6975827383	2102450350	2020-05-15
6937518663	6947436308	2020-05-12
6971310434	2109706748	2020-05-14
6984854793	2103249442	2020-05-02
6978150044	2100057916	2020-05-01
6963320182	6995132942	2020-05-01
2109651935	2107632536	2020-05-17
2105091663	2109508990	2020-05-19
2108315319	6948564622	2020-05-25
6981461562	6933062823	2020-05-10
2107525726	6986748486	2020-05-26
2101002670	2106014290	2020-05-09
2109513548	2107517602	2020-05-29
2109319584	6900636521	2020-05-29
2108649999	2109247463	2020-05-09
2101117723	2107803261	2020-05-13
2108923972	6974092281	2020-05-09
2106165801	2100323361	2020-05-01
2107480964	6962753273	2020-05-08
2108489971	6964544012	2020-05-14
6952620828	6916640977	2020-05-24
2108046351	2102813157	2020-05-04
2108525004	6983246607	2020-05-24
6940361667	2108392329	2020-05-30
2106682033	6998542360	2020-05-17
2105038093	6923568936	2020-05-18
6922585647	6925192908	2020-05-11
2101547936	2109512586	2020-05-02
2107560941	6906010347	2020-05-17
6948687089	2105662984	2020-05-01
6924277922	6942332355	2020-05-28
2103362183	2105844245	2020-05-24
2107275203	2104361557	2020-05-21
2108225263	6975606288	2020-05-14
6990381653	6919969532	2020-05-13
2100884212	6916725911	2020-05-11
2105034643	6920465716	2020-05-22
2104680130	2102837026	2020-05-05
6945663472	6951129190	2020-05-08
2109913052	6914596899	2020-05-30
2106118564	6984599191	2020-05-12
6994056491	2106618443	2020-05-25
6960438693	6967445907	2020-05-07
2104484350	2101425671	2020-05-12
2106731422	6996790557	2020-05-20
6928571134	6957588733	2020-05-11
6948847837	2103672032	2020-05-08
6969999508	6902833087	2020-05-12
2102020925	6923293889	2020-05-22
6900123461	2107976883	2020-05-03
6955872461	6960991332	2020-05-07
2107306847	6996791292	2020-05-29
6977141504	6955516855	2020-05-27
2103012814	2103562633	2020-05-15
2102531340	2103170869	2020-05-19
2103735622	2108662836	2020-05-17
6918803166	6904008694	2020-05-09
6975827383	6935953276	2020-05-26
6937518663	2107750365	2020-05-08
6971310434	6931772358	2020-05-26
6984854793	2104485007	2020-05-19
6978150044	6953697677	2020-05-02
6963320182	2101500195	2020-05-03
2109651935	2109087918	2020-05-01
2105091663	2103708211	2020-05-18
2108315319	6928781252	2020-05-12
6981461562	2107988942	2020-05-25
2107525726	6961231213	2020-05-07
2101002670	2109558525	2020-05-03
2109513548	6950025704	2020-05-19
2109319584	2107859369	2020-05-02
2108649999	2104471789	2020-05-03
2101117723	2106181675	2020-05-28
2108923972	2103751128	2020-05-15
2106165801	6967002615	2020-05-06
2107480964	6940628011	2020-05-19
2108489971	6913751262	2020-05-04
6952620828	2105587173	2020-05-29
2108046351	2106625776	2020-05-29
2108525004	2102273360	2020-05-19
6940361667	2102930497	2020-05-07
2106682033	2105279401	2020-05-06
2105038093	6995930699	2020-05-16
6922585647	6914533935	2020-05-10
2101547936	6961023795	2020-05-19
2107560941	6934275913	2020-05-08
6948687089	2108861437	2020-05-07
6924277922	6947927429	2020-05-17
2103362183	6924484941	2020-05-24
2107275203	2100815174	2020-05-15
2108225263	2102992279	2020-05-15
6990381653	6982025404	2020-05-06
2100884212	6960682147	2020-05-30
2105034643	6903467928	2020-05-19
2104680130	6975523932	2020-05-30
6945663472	6959491088	2020-05-18
2109913052	6920475921	2020-05-08
2106118564	2105019642	2020-05-17
6994056491	6905982610	2020-05-14
6960438693	6928511940	2020-05-15
2104484350	2107073959	2020-05-21
2106731422	2101968989	2020-05-02
6928571134	6914821413	2020-05-06
6948847837	6904607510	2020-05-12
6969999508	6953792263	2020-05-19
2102020925	6944884630	2020-05-11
6900123461	6947025219	2020-05-26
6955872461	6916250467	2020-05-01
2107306847	2102807928	2020-05-24
6977141504	2100988541	2020-05-26
2103012814	6987022472	2020-05-05
2102531340	6905517623	2020-05-12
2103735622	6954233658	2020-05-04
6918803166	6904694625	2020-05-09
6975827383	6975226325	2020-05-27
6937518663	2107669952	2020-05-08
6971310434	6952925039	2020-05-16
6984854793	2108051591	2020-05-18
6978150044	2109285737	2020-05-06
6963320182	6900737874	2020-05-29
2109651935	6936792575	2020-05-01
2105091663	6951946467	2020-05-08
2108315319	2109812985	2020-05-02
6981461562	6932307530	2020-05-22
2107525726	6969480229	2020-05-29
2101002670	2105197205	2020-05-11
2109513548	6954239699	2020-05-11
2109319584	2102692241	2020-05-09
2108649999	2101674714	2020-05-18
2101117723	2108265893	2020-05-09
2108923972	6961085343	2020-05-27
2106165801	6943200639	2020-05-26
2107480964	6951874280	2020-05-04
2108489971	6993126919	2020-05-29
6952620828	6954936757	2020-05-07
2108046351	6965889664	2020-05-05
2108525004	2102014463	2020-05-22
6940361667	2109055844	2020-05-09
2106682033	6945848820	2020-05-17
2105038093	6991011804	2020-05-06
6922585647	2106910259	2020-05-19
2101547936	6932469419	2020-05-24
2107560941	6926876417	2020-05-17
6948687089	6932034170	2020-05-21
6924277922	6912727562	2020-05-21
2103362183	6948662305	2020-05-29
2107275203	2106218664	2020-05-30
2108225263	2102583629	2020-05-17
6990381653	2102251240	2020-05-18
2100884212	6980342685	2020-05-14
2105034643	6936580739	2020-05-08
2104680130	2104668357	2020-05-27
6945663472	2108117186	2020-05-15
2109913052	6984410500	2020-05-27
2106118564	6900570252	2020-05-23
6994056491	2103699678	2020-05-21
6960438693	2106240344	2020-05-25
2104484350	2106655553	2020-05-30
2106731422	6927053495	2020-05-07
6928571134	2108592576	2020-05-20
6948847837	2100030382	2020-05-01
6969999508	6925723498	2020-05-12
2102020925	6916862331	2020-05-11
6900123461	6935366751	2020-05-05
6955872461	6934062783	2020-05-23
2107306847	6908979783	2020-05-20
6977141504	6989407523	2020-05-21
2103012814	2108644832	2020-05-02
2102531340	6958162283	2020-05-01
2103735622	2108634351	2020-05-23
6918803166	6996155844	2020-05-03
6975827383	6939885601	2020-05-10
6937518663	6902833582	2020-05-02
6971310434	2100483511	2020-05-14
6984854793	2104281070	2020-05-27
6978150044	2102518762	2020-05-23
6963320182	6953314391	2020-05-23
2109651935	6921846548	2020-05-17
2105091663	6913707873	2020-05-02
2108315319	6915277007	2020-05-27
6981461562	2103347169	2020-05-22
2107525726	6962033183	2020-05-11
2101002670	6978102285	2020-05-23
2109513548	6989261293	2020-05-23
2109319584	2102984866	2020-05-15
2108649999	2101868122	2020-05-09
2101117723	6934495237	2020-05-21
2108923972	6926860749	2020-05-05
2106165801	6966399175	2020-05-07
2107480964	2107900000	2020-05-13
2108489971	6933563153	2020-05-09
6952620828	6983061194	2020-05-22
2108046351	2103068738	2020-05-28
2108525004	2101692783	2020-05-03
6940361667	6912400571	2020-05-15
2106682033	6976590594	2020-05-12
2105038093	2107444510	2020-05-17
6922585647	6924315401	2020-05-18
2101547936	6971226894	2020-05-12
2107560941	2105392700	2020-05-21
6948687089	2108816434	2020-05-07
6924277922	6981024081	2020-05-15
2103362183	2103057566	2020-05-29
2107275203	2104643677	2020-05-12
2108225263	2103924948	2020-05-18
6990381653	2105449620	2020-05-22
2100884212	6927105475	2020-05-23
2105034643	6905475385	2020-05-12
2104680130	2100094979	2020-05-18
6945663472	6957494143	2020-05-22
2109913052	2101077461	2020-05-26
2106118564	2108568578	2020-05-14
6994056491	2102063657	2020-05-12
6960438693	6991667532	2020-05-30
2104484350	2106809454	2020-05-06
2106731422	6923037759	2020-05-13
6928571134	2106072149	2020-05-24
6948847837	2100365896	2020-05-10
6969999508	6961855106	2020-05-19
2102020925	6918771728	2020-05-01
6900123461	6986966946	2020-05-18
6955872461	6916386956	2020-05-16
2107306847	2105130289	2020-05-06
6977141504	6904255198	2020-05-20
2103012814	2104455892	2020-05-25
2102531340	2108629601	2020-05-26
2103735622	6908350458	2020-05-06
6918803166	2104425890	2020-05-24
6975827383	6915009832	2020-05-30
6937518663	6992326723	2020-05-09
6971310434	2104319217	2020-05-10
6984854793	2109820734	2020-05-21
6978150044	6952814769	2020-05-12
6963320182	2106149483	2020-05-10
2109651935	2103023610	2020-05-22
2105091663	2102033914	2020-05-06
2108315319	2109222473	2020-05-19
6981461562	2107381752	2020-05-01
2107525726	6948540108	2020-05-28
2101002670	6925582082	2020-05-04
2109513548	2104789872	2020-05-13
2109319584	2103956441	2020-05-20
2108649999	6904893221	2020-05-12
2101117723	2100532650	2020-05-02
2108923972	2102975190	2020-05-02
2106165801	6991788044	2020-05-20
2107480964	2107421294	2020-05-05
2108489971	6940425404	2020-05-20
6952620828	2108772360	2020-05-19
2108046351	2109752345	2020-05-18
2108525004	2100123392	2020-05-14
6940361667	6930480700	2020-05-04
2106682033	2104430608	2020-05-26
2105038093	2108111094	2020-05-11
6922585647	2102253947	2020-05-10
2101547936	6910006310	2020-05-26
2107560941	6993962591	2020-05-01
6948687089	6947767270	2020-05-07
6924277922	6964292056	2020-05-11
2103362183	6983104123	2020-05-19
2107275203	6943273847	2020-05-07
2108225263	6994535737	2020-05-24
6990381653	2104865231	2020-05-02
2100884212	2101859519	2020-05-02
2105034643	2100948048	2020-05-28
2104680130	2105753555	2020-05-10
6945663472	2105734079	2020-05-13
2109913052	6910241740	2020-05-23
2106118564	2104457366	2020-05-25
6994056491	6988525399	2020-05-01
6960438693	2102171853	2020-05-20
2104484350	6971502775	2020-05-11
2106731422	2106743838	2020-05-07
6928571134	6995233372	2020-05-02
6948847837	2103234858	2020-05-28
6969999508	6903914626	2020-05-19
2102020925	2106958301	2020-05-09
6900123461	2105113958	2020-05-20
6955872461	6915838149	2020-05-01
2107306847	2108167791	2020-05-30
6977141504	2108977966	2020-05-10
2103012814	6966294360	2020-05-24
2102531340	6934494298	2020-05-20
2103735622	2105885864	2020-05-24
6918803166	6909451987	2020-05-18
6975827383	6908090043	2020-05-04
6937518663	2103055996	2020-05-30
6971310434	6984939159	2020-05-19
6984854793	6982161940	2020-05-06
6978150044	6978098679	2020-05-22
6963320182	6948195119	2020-05-30
2109651935	6992337938	2020-05-25
2105091663	2100235322	2020-05-03
2108315319	2100759909	2020-05-13
6981461562	2108568396	2020-05-21
2107525726	2102130094	2020-05-30
2101002670	2101133256	2020-05-09
2109513548	2108722458	2020-05-20
2109319584	6973318694	2020-05-17
2108649999	2102979526	2020-05-06
2101117723	2108163344	2020-05-28
2108923972	2105485488	2020-05-06
2106165801	2100341191	2020-05-08
2107480964	2102587642	2020-05-04
2108489971	6970743232	2020-05-07
6952620828	2104330543	2020-05-15
2108046351	2104770149	2020-05-07
2108525004	6907855798	2020-05-06
6940361667	2104136455	2020-05-29
2106682033	2104932559	2020-05-05
2105038093	6936763070	2020-05-05
6922585647	2102933417	2020-05-15
2101547936	6988866067	2020-05-24
2107560941	6982659744	2020-05-02
6948687089	6994205214	2020-05-21
6924277922	2109268125	2020-05-21
2103362183	2104108956	2020-05-06
2107275203	6922611010	2020-05-26
2108225263	2101960053	2020-05-16
6990381653	6904167393	2020-05-13
2100884212	2109357881	2020-05-19
2105034643	6998706131	2020-05-20
2104680130	6954690321	2020-05-13
6945663472	6929938445	2020-05-25
2109913052	6993022802	2020-05-06
2106118564	6952774386	2020-05-22
6994056491	6922668583	2020-05-03
6960438693	6965966731	2020-05-12
2104484350	6941482738	2020-05-05
2106731422	6918174017	2020-05-05
6928571134	6952327337	2020-05-08
6948847837	2102312274	2020-05-20
6969999508	2101338564	2020-05-21
2102020925	6901876959	2020-05-16
6900123461	2102385153	2020-05-03
6955872461	6986307924	2020-05-28
2107306847	6991467464	2020-05-18
6977141504	6999846372	2020-05-30
2103012814	6945990867	2020-05-24
2102531340	6978021459	2020-05-19
2103735622	2101505391	2020-05-03
6918803166	6909406742	2020-05-20
6975827383	2102730231	2020-05-29
6937518663	2102154837	2020-05-15
6971310434	6993175927	2020-05-04
6984854793	6933833233	2020-05-01
6978150044	2107231276	2020-05-14
6963320182	6936680537	2020-05-17
2109651935	6944484117	2020-05-28
2105091663	2100151624	2020-05-15
2108315319	6927219243	2020-05-16
6981461562	6904473219	2020-05-17
2107525726	6971679928	2020-05-20
2101002670	6993622454	2020-05-21
2109513548	2101107565	2020-05-08
2109319584	6950386821	2020-05-04
2108649999	6968283298	2020-05-16
2101117723	6952541096	2020-05-02
2108923972	6954206119	2020-05-02
2106165801	6901906665	2020-05-13
2107480964	2104594600	2020-05-08
2108489971	2104559297	2020-05-07
6952620828	6918559706	2020-05-28
2108046351	2106472913	2020-05-17
2108525004	6979816962	2020-05-05
6940361667	2109172108	2020-05-01
2106682033	6975196971	2020-05-10
2105038093	6988122463	2020-05-17
6922585647	2109473172	2020-05-12
2101547936	2104771506	2020-05-09
2107560941	6907585187	2020-05-20
6948687089	2107567332	2020-05-29
6924277922	6977847001	2020-05-17
2103362183	6997200094	2020-05-17
2107275203	6950277968	2020-05-03
2108225263	6987398611	2020-05-26
6990381653	6961954675	2020-05-19
2100884212	6967889107	2020-05-10
2105034643	6905864820	2020-05-06
2104680130	6919717320	2020-05-12
6945663472	2109917989	2020-05-01
2109913052	6912908383	2020-05-17
2106118564	2104220967	2020-05-12
6994056491	2103029257	2020-05-24
6960438693	2101273436	2020-05-28
2104484350	6924612240	2020-05-05
2106731422	2107713659	2020-05-13
6928571134	6997557254	2020-05-13
6948847837	2109028221	2020-05-06
6969999508	2109163267	2020-05-25
2102020925	6983063313	2020-05-27
6900123461	2100333170	2020-05-04
6955872461	2108739028	2020-05-23
2107306847	2104750413	2020-05-19
6977141504	2100992562	2020-05-09
2103012814	2104926708	2020-05-10
2102531340	2109926187	2020-05-25
2103735622	2106417764	2020-05-20
6918803166	2100095668	2020-05-04
6975827383	2103967618	2020-05-02
6937518663	2104405928	2020-05-05
6971310434	2109483745	2020-05-03
6984854793	6936530756	2020-05-29
6978150044	6931027697	2020-05-03
6963320182	6970427185	2020-05-11
2109651935	6918046421	2020-05-21
2105091663	6955137843	2020-05-05
2108315319	6969679435	2020-05-25
6981461562	6992439804	2020-05-23
2107525726	6990264220	2020-05-18
2101002670	2106998063	2020-05-05
2109513548	6938035870	2020-05-24
2109319584	2103678235	2020-05-06
2108649999	2103179773	2020-05-29
2101117723	2106127891	2020-05-27
2108923972	2108939594	2020-05-19
2106165801	2100401428	2020-05-19
2107480964	2108906215	2020-05-05
2108489971	2109070795	2020-05-16
6952620828	2109990515	2020-05-02
2108046351	2100318119	2020-05-22
2108525004	2100403101	2020-05-04
6940361667	6943006454	2020-05-26
2106682033	2102474785	2020-05-26
2105038093	2101331202	2020-05-23
6922585647	2106448676	2020-05-21
2101547936	2103652523	2020-05-10
2107560941	2100456224	2020-05-15
6948687089	6949857823	2020-05-06
6924277922	6988206775	2020-05-24
2103362183	6926366914	2020-05-29
2107275203	2109635735	2020-05-19
2108225263	6966926009	2020-05-06
6990381653	6943352887	2020-05-06
2100884212	2104090878	2020-05-09
2105034643	2107628888	2020-05-03
2104680130	6956578866	2020-05-28
6945663472	6901050777	2020-05-26
2109913052	2106284963	2020-05-17
2106118564	2102936299	2020-05-28
6994056491	6927435137	2020-05-26
6960438693	2107962773	2020-05-10
2104484350	6961222630	2020-05-10
2106731422	2109923031	2020-05-17
6928571134	6998165550	2020-05-12
6948847837	2105975699	2020-05-15
6969999508	2101793515	2020-05-27
2102020925	2108848064	2020-05-25
6900123461	2106385570	2020-05-01
6955872461	2105768903	2020-05-13
2107306847	2107099046	2020-05-12
6977141504	2104123484	2020-05-01
2103012814	6974063537	2020-05-14
2102531340	6950092212	2020-05-18
2103735622	2104887745	2020-05-02
6918803166	2107127012	2020-05-22
6975827383	6903561264	2020-05-13
6937518663	6965574395	2020-05-13
6971310434	6957807215	2020-05-10
6984854793	6928321874	2020-05-06
6978150044	2103430149	2020-05-07
6963320182	2108896255	2020-05-06
2109651935	2108470563	2020-05-11
2105091663	2104355967	2020-05-16
6941414196	6974920523	2020-09-14
6941414196	6923578016	2020-03-17
6941414196	6966265146	2020-11-12
6941414196	6969756129	2020-06-02
6941414196	6997644814	2020-08-24
\.


--
-- Data for Name: client; Type: TABLE DATA; Schema: public; Owner: postgres
--

COPY public.client (id, username, saltpass, salt, afm, email, debt, phonenumber, program, bill, fname, lname) FROM stdin;
5	tarno4	dd448f08930d820abbbf6b287e6763ff	[B@26653222	5671473793	ganthill4@reference.com	17	2108315319	Cosmos Green Plus	35.75	Garold	Anthill
13	gmorrottc	a82f9eef732a7b5b1e7792f1fd82e1c9	[B@3e6fa38a	1551689035	fwhiffc@fda.gov	19	6981461562	Cosmos Mobile XL	42.9	Ferdie	Whiff
14	ejeggod	1de7d38188589e80292e828a26717d1c	[B@66a3ffec	6447375979	supwoodd@zimbio.com	5	2107525726	Cosmos Mobile M	40.59	Shurlock	Upwood
18	galmonh	8a066eb7be3af3877aa94ca3dc42b017	[B@13deb50e	0046961968	cfitzsymonsh@washingtonpost.com	23	2101002670	Cosmos Mobile M	40.59	Charlena	Fitzsymons
19	kglazei	e4352318cf292fad6b1b17f4012f1dd2	[B@239963d8	8945846441	dlescopi@shareasale.com	39	2109513548	Cosmos Green Final	49.64	Dewie	Lescop
24	acatleyn	a0db978d5dc485e8eda9d1dab6601eff	[B@3c0ecd4b	7097302279	pjoryn@qq.com	16	2109319584	Cosmos Green Start	27.95	Patrizio	Jory
29	jbutlerbowdons	8212095938dd4de7ce1c226940db7b68	[B@271053e1	0031872871	bskerritts@japanpost.jp	43	2108649999	Cosmos Green Plus	35.75	Brigid	Skerritt
35	nbockhy	b72636009ba3aa65fa72fa7b5ca46f20	[B@4cf777e8	6780705073	iwilsteady@illinois.edu	6	2101117723	Cosmos Mobile XL	42.9	Isidro	Wilstead
39	ttort12	1facc53189ebd5c47c4eac03de822c41	[B@7085bdee	0662336316	pbrackpool12@nydailynews.com	14	2108923972	Cosmos Green Max	47.48	Pete	Brackpool
47	godyvoie1a	39add807728571cb5cbee3ed48a44bc0	[B@3f49dace	7769956879	ssnalham1a@cam.ac.uk	44	2106165801	Cosmos Green Plus	35.75	Sidnee	Snalham
50	hfegan1d	751ef60330acc345b828a24da8523634	[B@56ac3a89	9198202857	ddignan1d@unesco.org	50	2107480964	Cosmos Mobile S	31.99	Druci	Dignan
52	gruddiman1f	c20e063381586d77430ca348a357a59b	[B@72d818d1	3552945067	dpic1f@github.com	45	2108489971	Cosmos Mobile X	30.9	Dennie	Pic
53	zmacneachtain1g	68f27105cb582ea1e74ca9757245eb6c	[B@6e06451e	6280043658	sseakin1g@goo.gl	7	6952620828	Cosmos Green Start	27.95	Stormy	Seakin
57	ggummory1k	04f5f7d1cb136fbfb6a2a45ce7eb663	[B@cb644e	4175424064	eleonida1k@delicious.com	13	2108046351	Cosmos Green Final	49.64	Elliot	Leonida
58	swallman1l	5b55a4d1d5ab2b3ea77ccfa511a5655e	[B@13805618	4349396840	rtruter1l@disqus.com	19	2108525004	Cosmos Mobile X	30.9	Rennie	Truter
63	lcrocket1q	89c3f08e49573ac2b2ae08c286f6ed7f	[B@25bbe1b6	7996329129	lrigardeau1q@domainmarket.com	4	6940361667	Cosmos Green Start	27.95	Lynnette	Rigardeau
66	ngooday1t	b23ee9db3928b7d84789be9a5350e9d3	[B@4b952a2d	7755468300	htolman1t@nytimes.com	30	2106682033	Cosmos Green Plus	35.75	Hewe	Tolman
69	mbriskey1w	55bf9035e1cc1588b8cce00460fb416a	[B@4bec1f0c	5407211061	balejandri1w@odnoklassniki.ru	39	2105038093	Cosmos Green Start	27.95	Bride	Alejandri
70	elambart1x	1a24d717e22c799ca3bc9be5cb5a8eec	[B@29ca901e	5964606048	rdoncaster1x@gnu.org	18	6922585647	Cosmos Green Max	47.48	Rodolph	Doncaster
72	jkissack1z	57501142029b74ef6ebefe06cf00b928	[B@6adede5	5756334431	fpillans1z@wisc.edu	37	2101547936	Cosmos Mobile X	30.9	Fern	Pillans
74	cvasyutkin21	1e5c5a4b4b009dc1bad6e3ea7843f33e	[B@5025a98f	9792338920	ygrebner21@bbb.org	10	2107560941	Cosmos Mobile M	40.59	Yorgo	Grebner
75	nhamper22	8e3e6f7c06f14d14ac12bdc696b9794f	[B@49993335	9539426668	trhead22@usda.gov	46	6948687089	Cosmos Mobile X	30.9	Tillie	Rhead
76	mfosdick23	724a7dfd98451faf4f5da718f61ac1fe	[B@20322d26	4380818867	nlestor23@usgs.gov	26	6924277922	Cosmos Mobile X	30.9	Nil	Lestor
79	gmapam26	f599f0515bf73426e7cda7426593f465	[B@64bf3bbf	3830453907	dgoolding26@plala.or.jp	26	2103362183	Cosmos Mobile X	30.9	Darrel	Goolding
80	fdelicate27	8bb32e2ed0afc4e1c37c8937f980551d	[B@55d56113	6971056952	dheinke27@sakura.ne.jp	25	2107275203	Cosmos Mobile S	31.99	Douglass	Heinke
81	iburn28	4d7102d722878550e4f3e5913c11d352	[B@148080bb	7984809407	vcordle28@constantcontact.com	39	2108225263	Cosmos Green Max	47.48	Vernor	Cordle
82	cjoannic29	0872a1af496a25e8283d187166cf2d7a	[B@dc24521	4164265115	amcgonigle29@irs.gov	23	6990381653	Cosmos Green Max	47.48	Arabelle	McGonigle
83	tdunsford2a	103fc428c9e7b9f3b6d9afddb3274514	[B@10bdf5e5	5488479972	nguitte2a@wix.com	19	2100884212	Cosmos Mobile X	30.9	Nanine	Guitte
84	pmarquiss2b	aacac68bea60f1ce1e827ea5711aba3d	[B@6e1ec318	8397354976	gcann2b@wired.com	43	2105034643	Cosmos Green Final	49.64	Gideon	Cann
85	pfears2c	6d9e646508e39c2316aa75d0db9af077	[B@7e0b0338	9372154534	lmackill2c@nasa.gov	7	2104680130	Cosmos Green Max	47.48	Link	MacKill
87	nmarti2e	631973e5bde63f61951dfe3c8f9ea47a	[B@1e127982	9463906979	cporcher2e@xrea.com	20	6945663472	Cosmos Green Plus	35.75	Chiarra	Porcher
89	lpockey2g	a1edf7e012276257b03c8e70f050ffaa	[B@2038ae61	0186503709	tkingsnoad2g@desdev.cn	8	2109913052	Cosmos Green Max	47.48	Terrell	Kingsnoad
90	uvanarsdale2h	e9fa51502a58b672b765dfb5d769118f	[B@3c0f93f1	2914464236	mtwaits2h@shareasale.com	28	2106118564	Cosmos Mobile S	31.99	Merrily	Twaits
95	cblodgetts2m	7111448f5f01a1d1fe2669093f194049	[B@21213b92	5735931918	hmariotte2m@pbs.org	3	6994056491	Cosmos Green Start	27.95	Hannie	Mariotte
96	cjenkinson2n	1682e79d1446b072edd0495d5dd76cf7	[B@a67c67e	2225333485	cloughrey2n@edublogs.org	29	6960438693	Cosmos Green Plus	35.75	Chiquia	Loughrey
100	irust2r	2c0f2657858ca46435698956f4ffc048	[B@52a86356	5317020308	cnottram2r@pen.io	47	2104484350	Cosmos Green Start	27.95	Celestyn	Nottram
108	jbrinsden2z	ce82d65562634f0c1e7fa8f8ea6516b2	[B@20398b7c	4134606193	skivelle2z@businesswire.com	29	2106731422	Cosmos Green Start	27.95	Sonia	Kivelle
112	hjeavons33	66e0dfe781230ec1c66b0eb94402c1c6	[B@5abca1e0	0959683780	mmcgray33@wordpress.org	16	6928571134	Cosmos Green Start	27.95	Mufi	McGray
116	dtrounson37	4c1b9ba4876e23ffcc9bec4eaed9dbd4	[B@527740a2	1544924734	gtaile37@unesco.org	44	6948847837	Cosmos Mobile M	40.59	Gasparo	Taile
121	cthrift3c	12023963108cf6d2c29cfbc34ffe723a	[B@63753b6d	4749343369	gbollin3c@posterous.com	45	6969999508	Cosmos Mobile X	30.9	Goldie	Bollin
123	apozzo3e	9e767d40f61157fc58ea46673811c4df	[B@6536e911	2253217910	aallen3e@nsw.gov.au	43	2102020925	Cosmos Mobile XL	42.9	Alvie	Allen
125	mvaudrey3g	8d1a10679f995e41df7e7df303f25bc4	[B@18eed359	1729697027	dbullick3g@va.gov	6	6900123461	Cosmos Green Max	47.48	Deonne	Bullick
126	mhubbucks3h	c165b0acc406e4c48b8221230316aab9	[B@3e9b1010	4482228534	bbutton3h@japanpost.jp	41	6955872461	Cosmos Mobile M	40.59	Benedicto	Button
128	mtreece3j	a24594357a66b320d8a5ee1cbb9a70ca	[B@6f1fba17	4274103021	ktomaskov3j@mac.com	5	2107306847	Cosmos Green Final	49.64	Kesley	Tomaskov
131	dciccotto3m	1148fb1e2a871d9d8c1ea1b6fe98287e	[B@335eadca	1932676651	amchale3m@blog.com	19	6977141504	Cosmos Green Max	47.48	Adella	McHale
133	lchill3o	6f401af2c1d9827fbc441085e8296029	[B@eec5a4a	8265258129	dsalvador3o@dyndns.org	34	2103012814	Cosmos Green Plus	35.75	Daffie	Salvador
134	jwalworche3p	046f052e878d6b71db7edaefa7f10f78	[B@6ddf90b0	1343719709	lpaskin3p@npr.org	41	2102531340	Cosmos Green Start	27.95	Lawrence	Paskin
136	cbiswell3r	f650742fedafde28d9cafa1092df2aef	[B@3b0143d3	3020543263	ppole3r@indiatimes.com	10	2103735622	Cosmos Mobile M	40.59	Philis	Pole
138	dmallabund3t	127deca2181f9124fb84ee058597ecb0	[B@4b4523f8	4565245702	zlytlle3t@goo.ne.jp	28	6918803166	Cosmos Green Start	27.95	Zachery	Lytlle
141	mospellissey3w	0b758e08de69110bf8c1941fee7591cb	[B@1f28c152	0565575096	aaxelby3w@noaa.gov	14	6975827383	Cosmos Green Start	27.95	Adora	Axelby
149	sjewel44	1da7edebff9ab300a68985f4d5271f82	[B@65e2dbf3	7380531018	cobeney44@dagondesign.com	2	6937518663	Cosmos Mobile M	40.59	Clerkclaude	Obeney
150	vbernot45	04d5300b9928a05dcc2301700a505799	[B@4f970963	0976007796	aklosa45@hc360.com	39	6971310434	Cosmos Mobile X	30.9	Anstice	Klosa
152	emcgruar47	c028fbeb59b77871012613b852ad6817	[B@7b49cea0	3493123328	jcottom47@marketwatch.com	38	6984854793	Cosmos Green Start	27.95	Janek	Cottom
153	runderhill48	dc0a8515cb5550c7530c67b78428e56d	[B@887af79	5881900371	sfermer48@naver.com	38	6978150044	Cosmos Green Max	47.48	Sutherland	Fermer
156	eruthen4b	d99dcd1aeee7dd7502e5dfb550a21ca2	[B@6e0e048a	8329929936	jmerwe4b@sfgate.com	8	6963320182	Cosmos Green Max	47.48	Jaye	Merwe
159	ghallowell4e	b9372fdda693bb09b287789df33c66da	[B@23e028a9	7933377298	bcabell4e@blogs.com	36	2109651935	Cosmos Green Final	49.64	Brandie	Cabell
162	rschmidt4h	fb88d61b3943041765775ce4d7a99fd9	[B@610694f1	7706505470	tcottell4h@wix.com	43	2105091663	Cosmos Mobile S	31.99	Tobye	Cottell
277	testv2Client	6147abff073912023a1532f1cbddcbc6	[B@65661485	698475487	testv2Client@test.com	18	6981818196	Cosmos Green Max	47.48	theo	gian
253	testclient	d1df1890f2fa8bbd42b2181dffc66c57	[B@6041812b	123456789	test@testtest.com	16	6981418141	Cosmos Mobile S	31.99	theo	gian
254	testclient1	e75a541f1a6af24c7acbca0997b8dfac	[B@5fe3fa55	123456789	test@testtest1.com	18	6981418142	Cosmos Mobile S	31.99	theo	gian
255	testclient2	1889f2b036555e42525272e0701fea32	[B@64fb9dd1	123456789	test@testtest3.com	10	6981418143	Cosmos Mobile L	30.9	theo	gian
257	clienttest	ba2c8b2faf2bef250cc3c94444f907fd	[B@432f9a5	123456789	test@testtest8.com	9	6981418148	Cosmos Green Start	27.95	theo	gian
258	clienttest1	72f472443ca9ea8d425ee46f461c6497	[B@3e279733	123456789	test@testtest9.com	11	6981418149	Cosmos Mobile L	30.9	theo	gian
259	ftest	bca854520af3a8fbc8d5a9efcd62f766	[B@5f592ac	123456789	ftest@gmail.com	17	6984848484	Cosmos Mobile M	40.59	theo	gian
260	final_client	1d601636ad30ef8169567cd553df95c0	[B@487a4b91	123456789	final@client.com	9	6981457898	Cosmos Green Plus	35.75	theo	giaNNNopoulos
261	asdd	9920ab787f6a943dc8decb1d9701dc1f	[B@15c34aa8	123456789	123@jhft.com	3	6947474747	Cosmos Green Plus	35.75	theo	gian
0	newc1	a857f7b9dad11f6d64991db1155a6532	[B@6617ed79	111111111	newc1@new.com	2	6911111111	Cosmos Mobile M	40.59	theo	gian
265	azml	2236a567daab38eda82c6700408ffeb1	[B@4fccadf7	777788888	azml@azml.com	20	6945544554	Cosmos Green Final	49.64	azml	azml
270	a	c5b975d6f49d5aebb2d534738e969eae	[B@23f1a2dd	659864646	a@a.com	19	6956164546	Cosmos Mobile M	1786.2	a	a
271	res	c09f9614481fade018beb0bbb407707e	[B@18540df2	531461341	res@res.com	7	6932456872	Cosmos Green Max	47.48	res	res
250	test1	8c751b58c854ae765e52d12f8dcb71ba	[B@1b604f19	1234567891	testvbc@zxc.com	0	6981818181	Cosmos Mobile S	32.56	teste	tester
266	lazm	e426dcb1a694cc817286c53de4e2d7e2	[B@3fef0bf5	988889898	trbhgi@nckkl.com	16	6988888888	Cosmos Mobile M	40.59	lkjkio	jackdi
276	finale	5b588988295abdf641901646f041fb06	[B@a2aca1b	456213549	finale@fin.cdom	5	6943245698	Cosmos Green Final	49.64	theo	gian
278	testv3Client	185da65c25bfbb2446c1558dff1ba87f	[B@5c6c08be	453526152	fdfgh@gfghj.com	0	6941414196	Cosmos Mobile S	0	theo	gian
\.


--
-- Data for Name: subs; Type: TABLE DATA; Schema: public; Owner: postgres
--

COPY public.subs (subname, minutes, mb, sms, costmin, costmb, costsms, charge, sub_num) FROM stdin;
Cosmos Mobile L	2000	8000	2000	0.2	0.4	0.1	30.9	1
Cosmos Mobile XL	-1	20000	4000	0.3	0.5	0.2	42.9	2
Cosmos Mobile M	600	23000	600	0.4	0.2	0.4	40.59	4
Cosmos Green Max	-1	20000	6000	0.8	0.7	0.4	47.48	5
Cosmos Green Start	1000	3000	1000	0.1	0.2	0.3	27.95	6
Cosmos Green Plus	3000	6000	3000	0.8	0.1	0.1	35.75	7
Cosmos Mobile S	300	11000	300	0.1	0.3	0.3	31.99	3
Cosmos Green Final	-1	15000	6000	0.4	0.2	0.4	49.64	8
\.


--
-- Data for Name: client_subs; Type: TABLE DATA; Schema: public; Owner: postgres
--

COPY public.client_subs (client_id, subname, minutes, mb, sms) FROM stdin;
5	Cosmos Green Start	995	1300	212
13	Cosmos Mobile S	218	3926	143
14	Cosmos Mobile M	265	20507	155
18	Cosmos Mobile S	295	1359	10
19	Cosmos Mobile M	360	22250	500
24	Cosmos Green Final	-1	10427	5710
29	Cosmos Green Final	-1	7709	1531
35	Cosmos Green Max	-1	12523	4258
39	Cosmos Green Start	291	1513	150
47	Cosmos Green Start	69	2207	998
50	Cosmos Green Plus	2489	3105	2961
52	Cosmos Mobile XL	-1	6384	1078
53	Cosmos Green Plus	1490	5268	547
57	Cosmos Green Final	-1	16512	3979
58	Cosmos Mobile XL	-1	15198	3658
63	Cosmos Mobile M	55	10549	328
66	Cosmos Green Final	-1	9639	67
69	Cosmos Mobile M	413	2584	213
70	Cosmos Mobile S	191	7710	107
72	Cosmos Green Max	-1	9384	5981
74	Cosmos Green Start	568	1242	445
75	Cosmos Mobile S	274	2627	253
76	Cosmos Green Final	-1	18328	1980
79	Cosmos Mobile S	65	9403	32
80	Cosmos Mobile M	310	5507	459
81	Cosmos Mobile S	215	2457	133
82	Cosmos Green Final	-1	1035	315
83	Cosmos Mobile S	193	3298	147
84	Cosmos Green Start	646	781	732
85	Cosmos Green Final	-1	9279	5323
87	Cosmos Green Max	-1	12247	541
89	Cosmos Green Final	-1	16130	2929
90	Cosmos Mobile M	540	11787	14
95	Cosmos Mobile S	144	6332	105
96	Cosmos Mobile XL	-1	13687	78
100	Cosmos Green Max	-1	18191	670
108	Cosmos Green Max	-1	17763	702
112	Cosmos Green Plus	424	2060	441
116	Cosmos Green Plus	2193	4483	1056
121	Cosmos Green Max	-1	2951	4165
123	Cosmos Green Start	666	981	448
125	Cosmos Green Max	-1	3717	3249
126	Cosmos Green Plus	1085	4039	549
128	Cosmos Mobile XL	-1	11269	1525
131	Cosmos Mobile M	23	22163	194
133	Cosmos Green Max	-1	6167	1647
134	Cosmos Green Final	-1	19918	2720
136	Cosmos Green Final	-1	11690	1261
138	Cosmos Green Start	910	1151	482
141	Cosmos Green Start	567	1097	90
149	Cosmos Mobile M	578	16577	316
150	Cosmos Mobile XL	-1	5063	3004
152	Cosmos Mobile S	71	3164	249
153	Cosmos Green Max	-1	2633	2240
156	Cosmos Green Plus	2081	5111	1789
159	Cosmos Green Max	-1	19543	5160
162	Cosmos Mobile XL	-1	9183	2979
250	Cosmos Mobile S	41	2326	93
253	Cosmos Mobile S	93	8369	63
254	Cosmos Mobile S	275	5297	42
255	Cosmos Mobile L	1340	3234	1012
257	Cosmos Green Start	763	493	562
258	Cosmos Mobile L	260	6428	503
259	Cosmos Mobile M	557	19990	219
260	Cosmos Green Plus	1614	2674	1957
261	Cosmos Green Plus	1923	510	2692
0	Cosmos Mobile M	573	16091	42
266	Cosmos Mobile M	311	563	168
271	Cosmos Mobile M	558	3841	384
276	Cosmos Green Plus	2904	4135	254
277	Cosmos Mobile M	258	15433	359
278	Cosmos Mobile S	300	11000	300
\.


--
-- Data for Name: phonenumber; Type: TABLE DATA; Schema: public; Owner: postgres
--

COPY public.phonenumber (phonenum, packagenumber, phonedate) FROM stdin;
2108315319	Cosmos Mobile S	2020-05-17
6981461562	Cosmos Mobile X	2020-05-23
2107525726	Cosmos Green Final	2020-05-08
2101002670	Cosmos Green Start	2020-05-16
2109513548	Cosmos Green Max	2020-05-23
2109319584	Cosmos Mobile X	2020-05-28
2108649999	Cosmos Green Start	2020-05-14
2101117723	Cosmos Green Start	2020-05-29
2108923972	Cosmos Mobile M	2020-05-25
2106165801	Cosmos Mobile S	2020-05-27
2107480964	Cosmos Green Plus	2020-05-28
2108489971	Cosmos Mobile M	2020-05-21
6952620828	Cosmos Green Final	2020-05-05
2108046351	Cosmos Mobile XL	2020-05-28
2108525004	Cosmos Mobile S	2020-05-16
6940361667	Cosmos Mobile XL	2020-05-12
2106682033	Cosmos Mobile XL	2020-05-03
2105038093	Cosmos Green Final	2020-05-01
6922585647	Cosmos Mobile S	2020-05-03
2101547936	Cosmos Green Start	2020-05-30
2107560941	Cosmos Mobile S	2020-05-06
6948687089	Cosmos Green Max	2020-05-06
6924277922	Cosmos Mobile XL	2020-05-09
2103362183	Cosmos Green Max	2020-05-16
2107275203	Cosmos Green Max	2020-05-09
2108225263	Cosmos Mobile X	2020-05-24
6990381653	Cosmos Mobile X	2020-05-20
2100884212	Cosmos Green Max	2020-05-26
2105034643	Cosmos Mobile XL	2020-05-02
2104680130	Cosmos Green Start	2020-05-24
6945663472	Cosmos Mobile S	2020-05-20
2109913052	Cosmos Green Start	2020-05-11
2106118564	Cosmos Green Final	2020-05-02
6994056491	Cosmos Green Start	2020-05-22
6960438693	Cosmos Green Final	2020-05-30
2104484350	Cosmos Mobile XL	2020-05-24
2106731422	Cosmos Mobile S	2020-05-11
6928571134	Cosmos Mobile M	2020-05-09
6948847837	Cosmos Green Plus	2020-05-21
6969999508	Cosmos Green Start	2020-05-04
2102020925	Cosmos Mobile S	2020-05-09
6900123461	Cosmos Green Max	2020-05-27
6955872461	Cosmos Mobile M	2020-05-22
2107306847	Cosmos Green Start	2020-05-30
6977141504	Cosmos Mobile M	2020-05-16
2103012814	Cosmos Mobile XL	2020-05-27
2102531340	Cosmos Green Plus	2020-05-09
2103735622	Cosmos Green Start	2020-05-27
6918803166	Cosmos Mobile X	2020-05-12
6975827383	Cosmos Green Max	2020-05-29
6937518663	Cosmos Green Plus	2020-05-20
6971310434	Cosmos Mobile XL	2020-05-10
6984854793	Cosmos Green Plus	2020-05-21
6978150044	Cosmos Green Max	2020-05-16
6963320182	Cosmos Green Start	2020-05-04
2109651935	Cosmos Green Plus	2020-05-20
2105091663	Cosmos Mobile XL	2020-05-21
\.


--
-- Data for Name: requests; Type: TABLE DATA; Schema: public; Owner: postgres
--

COPY public.requests (id, request_giver, add_info, answer) FROM stdin;
1	theo	hkhkhkkh	f
2	lazm	request req req	f
3	lazm	request req req	f
4	lazm	gcghvkhjb	f
5	lazm	request n89	f
6	testv3Client	hjgf	t
7	testv3Client	tghjgj	f
\.


--
-- Data for Name: sellers; Type: TABLE DATA; Schema: public; Owner: postgres
--

COPY public.sellers (id, username, saltpass, salt, customerscount, shoplocation, sellercode, email, fname, lname) FROM stdin;
3	qluckhurst2	16d3b9203ddc57786fb87e00e4c881d4	[B@3ffc5af1	8	piraeus	TURN54K37YIAQPE	igoozee2@engadget.com	Isaac	Goozee
4	vferrea3	8616162635dfea8da2776f7c8ecb70bf	[B@5e5792a0	5	piraeus	BVLQ1BZ9HPHZYC3	tdavy3@oracle.com	Tallia	Davy
7	jdebrett6	297820bdf6e4e8b044106b98a04e4c06	[B@68c4039c	6	piraeus	RO031HBFCOIDUJA	mcrowdson6@craigslist.org	Maighdiln	Crowdson
8	atomblings7	ddc738f861d033fdc9508652c595956e	[B@ae45eb6	2	piraeus	31GYC8J2DHX7Y2N	seckart7@sina.com.cn	Sasha	Eckart
15	tinnwoode	719ccbaf78791066938a9c38bec8fe09	[B@42e26948	8	piraeus	0SB8MHV2JYDWMGI	rlemarquise@telegraph.co.uk	Randee	Le Marquis
26	hfiermanp	a1f1bf8e8859964c5b5b9214792af2ad	[B@5f341870	9	piraeus	B139HZ05VGGL8NX	bprahlp@wikimedia.org	Baird	Prahl
27	cpepiq	1b68b598a2b3b7636d22f24231abe79a	[B@553f17c	1	piraeus	LGMSPUI3P0XZJKP	tmarrisonq@blinklist.com	Tanner	Marrison
30	cbanthamt	ae15bd8c129e15071c3ad06daa35273d	[B@589838eb	7	piraeus	LEOMU4WZ1728OEU	mratnaget@ehow.com	Melicent	Ratnage
31	lcamiliu	0b62a61dc57796059be34663625faca5	[B@42dafa95	4	piraeus	BEA87SBWDKHOT48	aruddiforthu@amazon.com	Arnoldo	Ruddiforth
33	elyonsw	c2f67f87c9512eba689cd343cec7b12c	[B@402a079c	7	piraeus	BNTSHOOPEOFEFL7	idmitrw@epa.gov	Ignacius	Dmitr
36	dquillinanez	1ee34f8caaf40da340ff4e87dc3afbb2	[B@2f686d1f	3	piraeus	81SZY6M34G3EX0E	fwathenz@un.org	Fedora	Wathen
40	mgreening13	fc8d6536f98a26dc2e46beb05c20f4fb	[B@1ce92674	2	piraeus	ZAPWKYRJPSKBW0F	jgage13@google.co.jp	Josey	Gage
41	gcholomin14	8a67aad96bcc5f719e4a3b56150f11ab	[B@5700d6b1	7	piraeus	0JE2FC0JG4ANKSJ	dclapp14@squidoo.com	Duffy	Clapp
42	dteggin15	9079a9ecd934b9ab95a46c7faa62963a	[B@6fd02e5	7	piraeus	YVJXKLTOIP9M61O	sfirks15@bizjournals.com	Stephana	Firks
44	cdutteridge17	323bd30623ee332af6d652c5f0dacbdc	[B@e45f292	5	piraeus	95A87S32CE9E9VD	dgrishakin17@ifeng.com	Doralia	Grishakin
45	jgoalby18	75331aae0f29797e8b714eb3559f3d92	[B@5f2108b5	9	piraeus	BTHT5X4I27BJJ8P	cmableson18@chronoengine.com	Carmon	Mableson
46	kkerss19	dac6c766d7d04c305996e13fae295fdd	[B@31a5c39e	10	piraeus	PR5AJ2BIQP8PUO6	sdavet19@stanford.edu	Sheff	Davet
51	amerryweather1e	bb14840ea46e743ebb50ee6043f31c98	[B@27c20538	8	piraeus	LFMY1DHQ5QVL0GT	dskae1e@cam.ac.uk	Doralynne	Skae
56	ajoules1j	bced5b41b2858f90953244c7b714d884	[B@5cb9f472	10	piraeus	ACJQKIQPNWLAYRJ	pfenkel1j@vimeo.com	Parry	Fenkel
60	wpoytress1n	f6fba2cb51bd7f6b1a0c80031ae38a04	[B@4566e5bd	7	piraeus	NJ0KQX5SCKEI1Y7	tbonevant1n@oracle.com	Teddie	Bonevant
61	lsailor1o	8ae21b42a7c23bb7ab2bbb282da2f245	[B@1ed4004b	8	piraeus	T8OVCU1S5IX5M28	oellicock1o@yandex.ru	Oswell	Ellicock
64	aliggons1r	92efb93ecac17e0c2934bda806af2481	[B@5702b3b1	5	piraeus	S1WE1EEJ88AMNWJ	gkettell1r@last.fm	Gussi	Kettell
73	krothwell20	0ec86471f9fe251cebdc59669d97f8a8	[B@2d928643	1	piraeus	5LC3Y1NRSO6CJJ1	bantoszewski20@ezinearticles.com	Brien	Antoszewski
78	krake25	6b898329e4e326a034cd2e1caa6f6bca	[B@64bfbc86	8	piraeus	Z1JW0UKGXI8NGVM	pnolleth25@accuweather.com	Philly	Nolleth
86	blahive2d	8bb16f88784c71a0d7bda5ddcb2294f4	[B@617faa95	6	piraeus	HVWJ6VF5QPPGKQN	jbewly2d@friendfeed.com	Jacob	Bewly
94	apaffot2l	2cfd053f02efec5df3966d5004213c24	[B@71318ec4	6	piraeus	Q4TPGQ2L7IGPUB6	enannizzi2l@home.pl	Elie	Nannizzi
97	cdanilewicz2o	460d1e029c4fdd3a66d2ff7f4672fa7c	[B@3327bd23	7	piraeus	YCEMAFNK6L512SM	sscandrett2o@ustream.tv	Siana	Scandrett
102	cucchino2t	1ddd9f4c813d2de88bd722c44e839ede	[B@78c03f1f	5	piraeus	NWF5EFLN2K844G3	emartinho2t@cnet.com	Elias	Martinho
103	jpavey2u	fe351b4662fe4221834a7b8d3efd5450	[B@5ec0a365	6	piraeus	ZH0G60BUSCNNBI0	bdupoy2u@sourceforge.net	Baird	Dupoy
106	rgerholz2x	9c2bd767aa2a550425a0bffeddfc0d58	[B@2ac273d3	10	piraeus	89WIVJ25VQEDSOV	cdunhill2x@vimeo.com	Cad	Dunhill
107	atenbroek2y	bf3f23d8add846b2a7ab115fd6f40bf8	[B@71423665	3	piraeus	EQKOQUBG9QQHDAC	ebennell2y@taobao.com	Emili	Bennell
109	mdearnaley30	3e1cfdcf9aa023f70ead98b855f09b29	[B@6fc6f14e	9	piraeus	6Y458ROESJ491B2	gkittiman30@apache.org	Gaylord	Kittiman
110	ctidbury31	0ce52581bb92418da156451822b1baa4	[B@56235b8e	2	piraeus	GW1CS60FAABFOXG	lboydon31@yellowpages.com	Lotti	Boydon
114	sbasill35	645c99a7e2676e3ad7fc6daf9b6ee180	[B@4e9ba398	4	piraeus	IWT5SRYJ41NUZKF	aduck35@usgs.gov	Ansell	Duck
115	eclubley36	e102496804c8aad26911d92a9fb14d9e	[B@6d7b4f4c	1	piraeus	FEWQMKYLDGBCWPS	epatemore36@typepad.com	Emmett	Patemore
117	pcarl38	68ecbe9ab5f5a14b3687ef86c4526693	[B@13a5fe33	5	piraeus	OWB35QZ7MO8CEWL	lmattheis38@webs.com	Lynsey	Mattheis
118	dmuselli39	f256b5023692a43b2ad3b28a2b8cce5d	[B@3108bc	8	piraeus	AV7R0PXRVHIWSVN	jmcfarlane39@usda.gov	Joceline	McFarlane
120	ggenny3b	639bd72cf3f527d454071a4a911cffe9	[B@5f9d02cb	1	piraeus	4PT4K25OJUQXQ2J	edaulby3b@quantcast.com	Eugenie	Daulby
130	hharrowing3l	198c92bab73c590d7f477ac70a41c279	[B@67784306	5	piraeus	6JOHJXA2C2OW1H1	ctremellier3l@xrea.com	Cece	Tremellier
137	csaffer3s	c66c39678ca112a1ec57349d05949ff2	[B@5a8e6209	8	piraeus	F23V9AFDPG1MDNM	ajanuaryst3s@sun.com	Ardelia	January 1st
139	tfifoot3u	d37514e040d4ecd3c27ec37cc7820976	[B@731a74c	6	piraeus	F3G9BU94Z0EG5GT	geva3u@ezinearticles.com	Guinna	Eva
140	mcasacchia3v	762710bae4162a8f541217ad97598529	[B@369f73a2	4	piraeus	XX4D9FUHMUSAT3L	rwellen3v@si.edu	Rheta	Wellen
143	pscane3y	0347f3625aa52e858fb18a6f9991c0fa	[B@7791a895	3	piraeus	GMHORPR038BI99B	pbuer3y@issuu.com	Puff	Buer
144	mgibb3z	0a1521f4dc53c0809c23feb6b243122a	[B@3a5ed7a6	1	piraeus	V0A0MS0JUA61JDR	lballendine3z@cafepress.com	Lynnett	Ballendine
145	fchifney40	bfd86098b90ecb1e38471e45c383a29d	[B@6325a3ee	9	piraeus	I1QSVVXDUYWXPR1	nsimounet40@google.de	Nerty	Simounet
147	gbucknill42	61134c081377635eac84ea08ed1b7476	[B@67b92f0a	3	piraeus	5CBPTUGW3DBE7JU	cbrehaut42@jugem.jp	Chip	Brehaut
148	ebraven43	a282904bcdea4e3bcf188ecdc4d3085e	[B@2b9627bc	10	piraeus	FT4HB354BYAXS9N	aparnby43@yale.edu	Alessandro	Parnby
151	tbellinger46	ad7f540ef262a78f08b63701ddbaf50f	[B@61f8bee4	3	piraeus	TPB57NSE3IE0HLV	kasee46@booking.com	Kristina	Asee
154	tbalcon49	6b0641d667ece529dc2e67cc6ac54dde	[B@7fac631b	10	piraeus	CKSXTBB4URF01KC	abalharry49@aboutads.info	Alejandrina	Balharry
155	bwarcup4a	51aaa39165377cd1b6cc8fcbfbc6593b	[B@5b87ed94	4	piraeus	6GSTAT1H6IMX7WK	hniblo4a@deviantart.com	Halette	Niblo
157	kredbourn4c	4f603b432449edfdfd84116adaf1ea24	[B@5bc79255	2	piraeus	8QA4RF7BEOZDFMU	cklaessen4c@clickbank.net	Casper	Klaessen
158	lmatusov4d	3a799e5dd9732346f53dc08237fd206a	[B@47ef968d	7	piraeus	Z360NKUGDTU4UK1	frichards4d@squidoo.com	Filide	Richards
165	lschneidar4k	172660b8f83ffc235399b93a844897cb	[B@3701eaf6	2	piraeus	KWD24TCQ2N70ECQ	eovill4k@newyorker.com	Elladine	Ovill
168	egalea4n	48014166027ba28850bc3ab3195cb6f5	[B@2758fe70	7	piraeus	19Y26SW4HHPBQ31	tpucknell4n@reference.com	Terry	Pucknell
172	ddonise4r	11b5b2ec8eb17e32fb8d833a65410dc2	[B@35d176f7	6	piraeus	IEPCXT6C4WTSF17	awellan4r@issuu.com	Arleta	Wellan
176	bdenisovich4v	f81c084f15bba70ff4fbdcfaf92f88ce	[B@50b494a6	4	piraeus	PVMAUMWA8LHJ8IL	aheinreich4v@posterous.com	Ame	Heinreich
177	jbaudesson4w	31532a1c1d8bf9ffd3521cad834d149a	[B@3cef309d	6	piraeus	8YLIAXP37WMNRMB	lwong4w@omniture.com	Latisha	Wong
183	jcoldrick52	1fb677160f360bc03e31c6bd9fd9f32e	[B@4973813a	3	piraeus	8XO2HLIEK7PIQEE	eodo52@prnewswire.com	Ellyn	Odo
190	ldeeman59	2c5a5dbb4316b692b4fa37a46fa4ea66	[B@63e2203c	10	piraeus	LTMFL1RZQLXBQJZ	sgainor59@cafepress.com	Sully	Gainor
191	cfishe5a	440a406d38b69e689944dda545761e52	[B@1efed156	3	piraeus	Z09YU94E5CME9S3	aoheyne5a@jugem.jp	Addy	O'Heyne
192	asmyley5b	f543938835b1974617f0cfc89777d5a4	[B@6737fd8f	6	piraeus	KYQW3Y9XJ1CM56Z	ealderton5b@dailymail.co.uk	Ester	Alderton
193	straise5c	f3d5282f37bc5c71e932a1211bb40451	[B@72b6cbcc	5	piraeus	V7OBCLE4X97IZ3S	bscourge5c@ustream.tv	Bo	Scourge
194	ehalbert5d	afc0e7100b14d592fc7e907ec317382a	[B@a7e666	10	piraeus	ERIYGORJQCDDDMT	claise5d@prweb.com	Carrie	Laise
195	stayler5e	d5c7ae461737f9baa29d8db2c02d2893	[B@68bbe345	4	piraeus	7J3QBU3PCE9K8TO	cabrahamowitcz5e@nytimes.com	Cristen	Abrahamowitcz
200	gjerrom5j	f88f957a4f60b32daee02f70ffdeb623	[B@9660f4e	5	piraeus	XRN6O8JIX5UQFWZ	cdawber5j@usda.gov	Clarabelle	Dawber
205	lormerod5o	4990b2cf6f07558f8775b602f9b0fa5b	[B@7d0587f1	10	piraeus	Y98TD9VGSD0QIVH	kkilius5o@youku.com	Kort	Kilius
249	test	a32c3c05555740e251f32ddd5af1c1f9	[B@1b604f19	5	piraeus	PWRE76KX9U	test@test.com	test	test
275	zxc	7f15ea612056875c519a905cb8a58fad	[B@26ef85eb	8	Piraeus	896453167461534	zxc@zxc.com	zxcf	zxcf
\.


--
-- Name: my_serial; Type: SEQUENCE SET; Schema: public; Owner: postgres
--

SELECT pg_catalog.setval('public.my_serial', 1, false);


--
-- Name: requests_id_seq; Type: SEQUENCE SET; Schema: public; Owner: postgres
--

SELECT pg_catalog.setval('public.requests_id_seq', 1, true);


--
-- PostgreSQL database dump complete
--

